-- phpMyAdmin SQL Dump
-- version 3.2.4
-- http://www.phpmyadmin.net
--
-- Host: localhost
-- Generation Time: Feb 14, 2011 at 11:25 AM
-- Server version: 5.1.41
-- PHP Version: 5.3.1

SET SQL_MODE="NO_AUTO_VALUE_ON_ZERO";


/*!40101 SET @OLD_CHARACTER_SET_CLIENT=@@CHARACTER_SET_CLIENT */;
/*!40101 SET @OLD_CHARACTER_SET_RESULTS=@@CHARACTER_SET_RESULTS */;
/*!40101 SET @OLD_COLLATION_CONNECTION=@@COLLATION_CONNECTION */;
/*!40101 SET NAMES utf8 */;

--
-- Database: `irsdp`
--

--
-- Dumping data for table `captcha`
--

INSERT INTO `captcha` (`captcha_id`, `captcha_time`, `ip_address`, `word`) VALUES
(333, 1297342902, '127.0.0.1', 'UZsliL'),
(332, 1297342856, '127.0.0.1', 'KJpPME'),
(331, 1297342783, '127.0.0.1', 'qp954e'),
(330, 1297342725, '127.0.0.1', 'DP5nN0');

--
-- Dumping data for table `cerita`
--

INSERT INTO `cerita` (`idcerita`, `idproj_flow`, `tgl_cerita`, `deskripsi`, `follow_up`, `idpic`, `idstatuskontrak`) VALUES
(1, 1, '2011-01-04', 'Step initialized.', 'PAS begin to check administrative requirement.', 1, 0),
(2, 2, '2011-01-04', 'Step initialized.', 'TAS begin to check technical requirement.', 3, 0),
(3, 3, '2011-01-04', 'Step initialized.', 'PAS begin to check administrative requirement.', 1, 0),
(4, 4, '2011-01-04', 'Step initialized.', 'TAS begin to check technical requirement.', 3, 0),
(5, 5, '2011-01-04', 'Step initialized.', 'PAS begin to check administrative requirement.', 1, 0),
(6, 6, '2011-01-04', 'Step initialized.', 'TAS begin to check technical requirement.', 3, 0),
(7, 0, '2011-01-04', 'Step initialized.', 'PAS begin to check administrative requirement.', 1, 1),
(8, 0, '2011-01-04', 'Step initialized.', 'TAS begin to check technical requirement.', 3, 2),
(9, 0, '2011-01-04', 'Step initialized.', 'Consultant begin to check requirement.', 4, 3),
(10, 0, '2011-01-04', 'Step initialized.', 'PAS begin to check administrative requirement.', 1, 4),
(11, 0, '2011-01-04', 'Step initialized.', 'TAS begin to check technical requirement.', 3, 5),
(12, 0, '2011-01-04', 'Step initialized.', 'Consultant begin to check requirement.', 4, 6),
(13, 7, '2011-01-04', 'Step initialized.', 'PAS begin to check administrative requirement.', 1, 0),
(14, 8, '2011-01-04', 'Step initialized.', 'TAS begin to check technical requirement.', 3, 0),
(15, 9, '2011-01-04', 'Step initialized.', 'PAS begin to check administrative requirement.', 1, 0),
(16, 10, '2011-01-04', 'Step initialized.', 'TAS begin to check technical requirement.', 3, 0),
(17, 11, '2011-01-04', 'Step initialized.', 'PAS begin to check administrative requirement.', 1, 0),
(18, 12, '2011-01-04', 'Step initialized.', 'TAS begin to check technical requirement.', 3, 0),
(19, 0, '2011-01-04', 'Step initialized.', 'PAS begin to check administrative requirement.', 1, 7),
(20, 0, '2011-01-04', 'Step initialized.', 'TAS begin to check technical requirement.', 3, 8),
(21, 0, '2011-01-04', 'Step initialized.', 'Consultant begin to check requirement.', 4, 9),
(22, 13, '2011-01-05', 'Step initialized.', 'PAS begin to check administrative requirement.', 1, 0),
(23, 14, '2011-01-05', 'Step initialized.', 'TAS begin to check technical requirement.', 3, 0),
(24, 15, '2011-01-05', 'Step initialized.', 'PAS begin to check administrative requirement.', 1, 0),
(25, 16, '2011-01-05', 'Step initialized.', 'TAS begin to check technical requirement.', 3, 0),
(26, 17, '2011-01-05', 'Step initialized.', 'PAS begin to check administrative requirement.', 1, 0),
(27, 18, '2011-01-05', 'Step initialized.', 'TAS begin to check technical requirement.', 3, 0),
(28, 0, '2011-01-05', 'Step initialized.', 'PAS begin to check administrative requirement.', 1, 10),
(29, 0, '2011-01-05', 'Step initialized.', 'TAS begin to check technical requirement.', 3, 11),
(30, 0, '2011-01-05', 'Step initialized.', 'Consultant begin to check requirement.', 4, 12),
(31, 19, '2011-01-11', 'Step initialized.', 'PAS begin to check administrative requirement.', 1, 0),
(32, 20, '2011-01-11', 'Step initialized.', 'TAS begin to check technical requirement.', 3, 0),
(33, 21, '2011-01-11', 'Step initialized.', 'PAS begin to check administrative requirement.', 1, 0),
(34, 22, '2011-01-11', 'Step initialized.', 'TAS begin to check technical requirement.', 3, 0),
(35, 23, '2011-02-03', 'Step initialized.', 'PAS begin to check administrative requirement.', 1, 0),
(36, 24, '2011-02-03', 'Step initialized.', 'TAS begin to check technical requirement.', 3, 0);

--
-- Dumping data for table `daftar_ruas`
--

INSERT INTO `daftar_ruas` (`iddaftar_ruas`, `tag`, `label`) VALUES
(1, '110', 'Panjang Jalan'),
(2, '120', 'Lebar Jalan'),
(7, '0001', 'Project Description'),
(8, '0002', 'PPP Modality'),
(9, '0003', 'Project Preparation Period (incld. Land acq.)'),
(92, '0099', 'Others'),
(29, '0101', 'Estimated Proj. Value (USD million)'),
(30, '0102', 'Land acquisition (USD million)'),
(31, '0103', 'Construction (USD million)'),
(32, '0104', 'Economic Feasibility (EIRR %)'),
(33, '0105', 'Economic Feasibility (ENPV USD million)'),
(34, '0106', 'Financial Feasibility (FIRR %)'),
(35, '0107', 'Financial Feasibility (FNPV USD million)'),
(36, '0108', 'Payback Period'),
(37, '0109', 'Intial Tariff (USD)'),
(38, '0110', 'Intial Tariff (IDR)'),
(39, '0111', 'Equity - Government Support (USD million)'),
(40, '0112', 'Equity - Government Support (%)'),
(41, '0113', 'Equity - Private (USD million)'),
(42, '0114', 'Equity - Private (%)'),
(43, '0115', 'Equity - Private Loan (USD million)'),
(44, '0116', 'Equity - Private Loan (%)'),
(45, '0199', 'Others'),
(46, '0201', 'Project scope'),
(48, '0301', 'Length (KM)'),
(49, '0302', 'Design Speed (km/h)'),
(50, '0303', 'Number of Lane'),
(51, '0304', 'Lane Width'),
(52, '0305', 'Outer shoulder width (m)'),
(53, '0306', 'Inner shoulder width (m)'),
(54, '0307', 'Median width (m)'),
(55, '0308', 'Right of way (m)'),
(56, '0309', 'Others'),
(60, '0202', 'Forecast/Projection demand'),
(62, '0401', 'Development of intake (lps)'),
(63, '0402', 'Development of water supply pipeline (ND – mm'),
(64, '0403', 'Development of Water Treatment Plant (units, '),
(65, '0404', 'Reservoir Development'),
(66, '0405', 'The development of distribution network (conn'),
(67, '0406', 'Inhabitants served (people)'),
(68, '0407', 'Land acquisition (m2)'),
(69, '0408', 'Land acquisition (ha)'),
(70, '0205', 'Current supply'),
(71, '0204', 'Current demand'),
(75, '0501', 'Waste disposal loading (ton/day)'),
(76, '0502', 'Annual increase estimated (%)'),
(77, '0503', 'Sanitary landfill specification'),
(78, '0504', 'Leachate capture and treatment'),
(79, '0505', 'Insect vector and odor control'),
(80, '0506', 'Daily operation (hours/day)'),
(81, '0507', 'Operations time (days/week)'),
(84, '0203', 'Forcast/Projection supply'),
(87, '0601', 'Project Specifications (Airport in detail)'),
(88, '0602', 'Project Background'),
(89, '0603', 'Project Urgency'),
(90, '0604', 'Project Benefit');

--
-- Dumping data for table `dokumen`
--


--
-- Dumping data for table `group`
--

INSERT INTO `group` (`idgroup`, `group`) VALUES
(1, 'pas'),
(2, 'admin'),
(3, 'tas'),
(4, 'konsultan'),
(5, 'lawalata9'),
(6, 'gajebo'),
(7, 'crocodile'),
(8, 'AAA'),
(9, 'AAB');

--
-- Dumping data for table `isian_ruas`
--

INSERT INTO `isian_ruas` (`idisian_ruas`, `tag`, `value`, `proyek_id`) VALUES
(1, '110', '900 m2', 3),
(2, '120', '100 m2', 3),
(3, '110', '20 km', 223),
(4, '120', '15 meter', 223),
(5, '0201', 'as', 224),
(6, '0202', 'asd', 224),
(7, '0203', 'asd', 224),
(8, '0204', 'asd', 224),
(9, '0205', 'asd', 224),
(10, '0601', 'asd', 224),
(11, '0602', 'asd', 224),
(12, '0603', 'asd', 224),
(13, '0604', 'asd', 224);

--
-- Dumping data for table `jenis_dok`
--

INSERT INTO `jenis_dok` (`idjenis_dok`, `jenis_dok`, `idpeserta_tender`, `idproject_profile`, `idkeuangan`, `idstatus_project`, `iddokumen`, `tgl_upload`, `idoperator`, `nama_berkas`, `idkontrak_flow`, `idanggaran`) VALUES
(1, NULL, NULL, NULL, NULL, 1, NULL, '2011-01-04', 1, 'dokumen_proyek20.doc', 0, 0),
(2, NULL, NULL, NULL, NULL, 4, NULL, '2011-01-04', 1, 'BNITopUpReceipt.pdf', 0, 0),
(3, NULL, NULL, NULL, NULL, 7, NULL, '2011-01-05', 1, 'BNIPayReceipt_telpon07.pdf', 0, 0),
(4, NULL, NULL, NULL, NULL, 10, NULL, '2011-01-11', 1, 'Sinova-2011-Author-Guidelines.doc', 0, 0),
(5, NULL, NULL, NULL, NULL, 11, NULL, '2011-01-11', 1, 'Sinova-2011-Author-Guidelines2.doc', 0, 0),
(6, NULL, NULL, NULL, NULL, 12, NULL, '2011-02-03', 1, 'TURTLES_FOR_DUMMIES.pdf', 0, 0);

--
-- Dumping data for table `kategori`
--

INSERT INTO `kategori` (`idkategori`, `sectorCode`, `sectorName`, `subsectorname`) VALUES
(1, 'SP', 'Transportation', 'Sea Port'),
(2, 'BT', 'Transportation', 'Land Transport/Bus Terminal'),
(3, 'AP', 'Transportation', 'Air Transport '),
(4, 'RW', 'Transportation', 'Rail Transport '),
(5, 'TR', 'Transportation', 'Toll Road'),
(6, 'WM', 'Environmental / Sanitation', 'Solid Waste Treatment'),
(7, 'OT', 'Other Infrastructure', 'Urban Infrastructure'),
(8, 'MK', 'Other Infrastructure', 'Market'),
(9, 'EN', 'Energy', 'Power Plant'),
(10, 'WS', 'Water', 'Water Supply'),
(13, 'GS', 'General Sector', 'General Project Sector'),
(14, 'GF', 'Global Financial', 'General Financial Parameter'),
(15, 'WD', 'Environmental / Sanitation', 'Solid Waste Disposal');

--
-- Dumping data for table `kontraktor`
--

INSERT INTO `kontraktor` (`idkontraktor`, `idproject_profile`, `idperusahaan`, `tgl_mulai`, `tgl_selesai`, `tahapan`, `pcss_no`, `pcss_date`, `no_kontrak`, `tgl_disetujui`, `catatan`) VALUES
(1, 13, 17, '2011-01-06', '2011-01-29', 'Investor', '', '0000-00-00', '', '0000-00-00', ''),
(2, 1, 5, '0000-00-00', '0000-00-00', 'Transaction', '', '0000-00-00', '', '0000-00-00', ''),
(3, 1, 1, '2011-01-03', '2011-01-05', 'Transaction', '', '0000-00-00', '', '0000-00-00', 'test'),
(4, 8, 15, '2011-01-08', '2011-01-16', 'Investor', '', '0000-00-00', '', '0000-00-00', 'hehe'),
(5, 7, 8, '2011-01-04', '2011-01-31', 'Transaction', '', '0000-00-00', '', '0000-00-00', 'boom'),
(6, 25, 12, '2011-01-01', '2011-06-24', 'PraFS', '', '0000-00-00', '', '0000-00-00', 'fffhhh');

--
-- Dumping data for table `kontrak_flow`
--

INSERT INTO `kontrak_flow` (`idkontrak_flow`, `idproj_flow`, `kegiatan`, `tgl_rencana`, `pic`, `status`, `idref_kontrak`) VALUES
(1, 3, '', '2011-01-07', 0, 'done', 1),
(2, 3, '', '2011-01-14', 0, 'on going', 2),
(3, 6, '', '2011-01-04', 0, 'on going', 5),
(4, 9, '', '2011-01-06', 0, 'on going', 8);

--
-- Dumping data for table `kontrak_flow_status`
--

INSERT INTO `kontrak_flow_status` (`idkontrak_flow_status`, `idpic`, `idgroup`, `status`, `idkontrak_flow`) VALUES
(1, 1, 0, 'done', 1),
(2, 3, 0, 'done', 1),
(3, 4, 0, 'done', 1),
(4, 1, 0, 'on going', 2),
(5, 3, 0, 'on going', 2),
(6, 4, 0, 'on going', 2),
(7, 1, 0, 'done', 3),
(8, 3, 0, 'on going', 3),
(9, 4, 0, 'on going', 3),
(10, 1, 0, 'done', 4),
(11, 3, 0, 'done', 4),
(12, 4, 0, 'on going', 4);

--
-- Dumping data for table `loan`
--

INSERT INTO `loan` (`idloan`, `kategori`, `catatan`, `loan_grand`, `loan`, `grand`, `category1`) VALUES
(1, 'A1', 'NPDF', '9954444.00', '', NULL, '1A'),
(2, 'A2', 'RPDF', '11475000.00', '', NULL, '1B'),
(3, 'B1', 'Technical Advisory Service and Capacity Building', '8638571.00', '', NULL, '1C'),
(4, 'B2', 'PPP Study', '374286.00', '', NULL, '1D'),
(5, 'B3', 'PPP Strategic Campaign', '375000.00', '', NULL, '1E'),
(6, 'B4', 'PPP - Coordination Unit Support', '1026867.00', '', NULL, '1F'),
(7, 'C1', 'Procurement and Administrative Services', '2930000.00', NULL, NULL, '1G');

--
-- Dumping data for table `master_kabupaten`
--

INSERT INTO `master_kabupaten` (`id_kabupaten`, `nama_kabupaten`, `id_propinsi`) VALUES
(1, 'Kabupaten Aceh Barat', 1),
(2, 'Kabupaten Aceh Barat Daya', 1),
(3, 'Kabupaten Aceh Besar', 1),
(4, 'Kabupaten Aceh Jaya', 1),
(5, 'Kabupaten Aceh Selatan', 1),
(6, 'Kabupaten Aceh Singkil', 1),
(7, 'Kabupaten Aceh Tamiang', 1),
(8, 'Kabupaten Aceh Tengah', 1),
(9, 'Kabupaten Aceh Tenggara', 1),
(10, 'Kabupaten Aceh Timur', 1),
(11, 'Kabupaten Aceh Utara', 1),
(12, 'Kabupaten Bener Meriah', 1),
(13, 'Kabupaten Bireuen', 1),
(14, 'Kabupaten Gayo Lues', 1),
(15, 'Kabupaten Nagan Raya', 1),
(16, 'Kabupaten Pidie', 1),
(17, 'Kabupaten Pidie Jaya', 1),
(18, 'Kabupaten Simeulue', 1),
(19, 'Kota Banda Aceh', 1),
(20, 'Kota Langsa', 1),
(21, 'Kota Lhokseumawe', 1),
(22, 'Kota Sabang', 1),
(23, 'Kota Subulussalam', 1),
(24, 'Kabupaten Asahan', 2),
(25, 'Kabupaten Batu Bara', 2),
(26, 'Kabupaten Dairi', 2),
(27, 'Kabupaten Deli Serdang', 2),
(28, 'Kabupaten Humbang Hasundutan', 2),
(29, 'Kabupaten Karo', 2),
(30, 'Kabupaten Labuhanbatu', 2),
(31, 'Kabupaten Labuhanbatu Selatan', 2),
(32, 'Kabupaten Labuhanbatu Utara', 2),
(33, 'Kabupaten Langkat', 2),
(34, 'Kabupaten Mandailing Natal', 2),
(35, 'Kabupaten Nias', 2),
(36, 'Kabupaten Nias Barat', 2),
(37, 'Kabupaten Nias Selatan', 2),
(38, 'Kabupaten Nias Utara', 2),
(39, 'Kabupaten Padang Lawas', 2),
(40, 'Kabupaten Padang Lawas Utara', 2),
(41, 'Kabupaten Pakpak Bharat', 2),
(42, 'Kabupaten Samosir', 2),
(43, 'Kabupaten Serdang Bedagai', 2),
(44, 'Kabupaten Simalungun', 2),
(45, 'Kabupaten Tapanuli Selatan', 2),
(46, 'Kabupaten Tapanuli Tengah', 2),
(47, 'Kabupaten Tapanuli Utara', 2),
(48, 'Kabupaten Toba Samosir', 2),
(49, 'Kota Binjai', 2),
(50, 'Kota Gunung Sitoli', 2),
(51, 'Kota Medan', 2),
(52, 'Kota Padang Sidempuan', 2),
(53, 'Kota Pematangsiantar', 2),
(54, 'Kota Sibolga', 2),
(55, 'Kota Tanjung Balai', 2),
(56, 'Kota Tebing Tinggi', 2),
(57, 'Kabupaten Bengkulu Selatan', 3),
(58, 'Kabupaten Bengkulu Tengah', 3),
(59, 'Kabupaten Bengkulu Utara', 3),
(60, 'Kabupaten Benteng', 3),
(61, 'Kabupaten Kaur', 3),
(62, 'Kabupaten Kepahiang', 3),
(63, 'Kabupaten Lebong', 3),
(64, 'Kabupaten Mukomuko', 3),
(65, 'Kabupaten Rejang Lebong', 3),
(66, 'Kabupaten Seluma', 3),
(67, 'Kota Bengkulu', 3),
(68, 'Kabupaten Batang Hari', 4),
(69, 'Kabupaten Bungo', 4),
(70, 'Kabupaten Kerinci', 4),
(71, 'Kabupaten Merangin', 4),
(72, 'Kabupaten Muaro Jambi', 4),
(73, 'Kabupaten Sarolangun', 4),
(74, 'Kabupaten Tanjung Jabung Barat', 4),
(75, 'Kabupaten Tanjung Jabung Timur', 4),
(76, 'Kabupaten Tebo', 4),
(77, 'Kota Jambi', 4),
(78, 'Kota Sungai Penuh', 4),
(79, 'Kabupaten Bengkalis', 5),
(80, 'Kabupaten Indragiri Hilir', 5),
(81, 'Kabupaten Indragiri Hulu', 5),
(82, 'Kabupaten Kampar', 5),
(83, 'Kabupaten Kuantan Singingi', 5),
(84, 'Kabupaten Pelalawan', 5),
(85, 'Kabupaten Rokan Hilir', 5),
(86, 'Kabupaten Rokan Hulu', 5),
(87, 'Kabupaten Siak', 5),
(88, 'Kota Pekanbaru', 5),
(89, 'Kota Dumai', 5),
(90, 'Kabupaten Kepulauan Meranti', 5),
(91, 'Kabupaten Agam', 6),
(92, 'Kabupaten Dharmasraya', 6),
(93, 'Kabupaten Kepulauan Mentawai', 6),
(94, 'Kabupaten Lima Puluh Kota', 6),
(95, 'Kabupaten Padang Pariaman', 6),
(96, 'Kabupaten Pasaman', 6),
(97, 'Kabupaten Pasaman Barat', 6),
(98, 'Kabupaten Pesisir Selatan', 6),
(99, 'Kabupaten Sijunjung', 6),
(100, 'Kabupaten Solok', 6),
(101, 'Kabupaten Solok Selatan', 6),
(102, 'Kabupaten Tanah Datar', 6),
(103, 'Kota Bukittinggi', 6),
(104, 'Kota Padang', 6),
(105, 'Kota Padangpanjang', 6),
(106, 'Kota Pariaman', 6),
(107, 'Kota Payakumbuh', 6),
(108, 'Kota Sawahlunto', 6),
(109, 'Kota Solok', 6),
(110, 'Kabupaten Banyuasin', 7),
(111, 'Kabupaten Empat Lawang', 7),
(112, 'Kabupaten Lahat', 7),
(113, 'Kabupaten Muara Enim', 7),
(114, 'Kabupaten Musi Banyuasin', 7),
(115, 'Kabupaten Musi Rawas', 7),
(116, 'Kabupaten Ogan Ilir', 7),
(117, 'Kabupaten Ogan Komering Ilir', 7),
(118, 'Kabupaten Ogan Komering Ulu', 7),
(119, 'Kabupaten Ogan Komering Ulu Selatan', 7),
(120, 'Kabupaten Ogan Komering Ulu Timur', 7),
(121, 'Kota Lubuklinggau', 7),
(122, 'Kota Pagar Alam', 7),
(123, 'Kota Palembang', 7),
(124, 'Kota Prabumulih', 7),
(125, 'Kabupaten Lampung Barat', 8),
(126, 'Kabupaten Lampung Selatan', 8),
(127, 'Kabupaten Lampung Tengah', 8),
(128, 'Kabupaten Lampung Timur', 8),
(129, 'Kabupaten Lampung Utara', 8),
(130, 'Kabupaten Mesuji', 8),
(131, 'Kabupaten Pesawaran', 8),
(132, 'Kabupaten Pringsewu', 8),
(133, 'Kabupaten Tanggamus', 8),
(134, 'Kabupaten Tulang Bawang', 8),
(135, 'Kabupaten Tulang Bawang Barat', 8),
(136, 'Kabupaten Way Kanan', 8),
(137, 'Kota Bandar Lampung', 8),
(138, 'Kota Metro', 8),
(139, 'Kabupaten Bangka', 9),
(140, 'Kabupaten Bangka Barat', 9),
(141, 'Kabupaten Bangka Selatan', 9),
(142, 'Kabupaten Bangka Tengah', 9),
(143, 'Kabupaten Belitung', 9),
(144, 'Kabupaten Belitung Timur', 9),
(145, 'Kota Pangkal Pinang', 9),
(146, 'Kabupaten Bintan', 10),
(147, 'Kabupaten Karimun', 10),
(148, 'Kabupaten Kepulauan Anambas', 10),
(149, 'Kabupaten Lingga', 10),
(150, 'Kabupaten Natuna', 10),
(151, 'Kota Batam', 10),
(152, 'Kota Tanjung Pinang', 10),
(153, 'Kabupaten Lebak', 11),
(154, 'Kabupaten Pandeglang', 11),
(155, 'Kabupaten Serang', 11),
(156, 'Kabupaten Tangerang', 11),
(157, 'Kota Cilegon', 11),
(158, 'Kota Serang', 11),
(159, 'Kota Tangerang', 11),
(160, 'Kota Tangerang Selatan', 11),
(161, 'Kabupaten Bandung', 12),
(162, 'Kabupaten Bandung Barat', 12),
(163, 'Kabupaten Bekasi', 12),
(164, 'Kabupaten Bogor', 12),
(165, 'Kabupaten Ciamis', 12),
(166, 'Kabupaten Cianjur', 12),
(167, 'Kabupaten Cirebon', 12),
(168, 'Kabupaten Garut', 12),
(169, 'Kabupaten Indramayu', 12),
(170, 'Kabupaten Karawang', 12),
(171, 'Kabupaten Kuningan', 12),
(172, 'Kabupaten Majalengka', 12),
(173, 'Kabupaten Purwakarta', 12),
(174, 'Kabupaten Subang', 12),
(175, 'Kabupaten Sukabumi', 12),
(176, 'Kabupaten Sumedang', 12),
(177, 'Kabupaten Tasikmalaya', 12),
(178, 'Kota Bandung', 12),
(179, 'Kota Banjar', 12),
(180, 'Kota Bekasi', 12),
(181, 'Kota Bogor', 12),
(182, 'Kota Cimahi', 12),
(183, 'Kota Cirebon', 12),
(184, 'Kota Depok', 12),
(185, 'Kota Sukabumi', 12),
(186, 'Kota Tasikmalaya', 12),
(187, 'Kabupaten Administrasi Kepulauan Seribu', 13),
(188, 'Kota Administrasi Jakarta Barat', 13),
(189, 'Kota Administrasi Jakarta Pusat', 13),
(190, 'Kota Administrasi Jakarta Selatan', 13),
(191, 'Kota Administrasi Jakarta Timur', 13),
(192, 'Kota Administrasi Jakarta Utara', 13),
(193, 'Kabupaten Banjarnegara', 14),
(194, 'Kabupaten Banyumas', 14),
(195, 'Kabupaten Batang', 14),
(196, 'Kabupaten Blora', 14),
(197, 'Kabupaten Boyolali', 14),
(198, 'Kabupaten Brebes', 14),
(199, 'Kabupaten Cilacap', 14),
(200, 'Kabupaten Demak', 14),
(201, 'Kabupaten Grobogan', 14),
(202, 'Kabupaten Jepara', 14),
(203, 'Kabupaten Karanganyar', 14),
(204, 'Kabupaten Kebumen', 14),
(205, 'Kabupaten Kendal', 14),
(206, 'Kabupaten Klaten', 14),
(207, 'Kabupaten Kudus', 14),
(208, 'Kabupaten Magelang', 14),
(209, 'Kabupaten Pati', 14),
(210, 'Kabupaten Pekalongan', 14),
(211, 'Kabupaten Pemalang', 14),
(212, 'Kabupaten Purbalingga', 14),
(213, 'Kabupaten Purworejo', 14),
(214, 'Kabupaten Rembang', 14),
(215, 'Kabupaten Semarang', 14),
(216, 'Kabupaten Sragen', 14),
(217, 'Kabupaten Sukoharjo', 14),
(218, 'Kabupaten Tegal', 14),
(219, 'Kabupaten Temanggung', 14),
(220, 'Kabupaten Wonogiri', 14),
(221, 'Kabupaten Wonosobo', 14),
(222, 'Kota Magelang', 14),
(223, 'Kota Pekalongan', 14),
(224, 'Kota Salatiga', 14),
(225, 'Kota Semarang', 14),
(226, 'Kota Surakarta', 14),
(227, 'Kota Tegal', 14),
(228, 'Kabupaten Bangkalan', 15),
(229, 'Kabupaten Banyuwangi', 15),
(230, 'Kabupaten Blitar', 15),
(231, 'Kabupaten Bojonegoro', 15),
(232, 'Kabupaten Bondowoso', 15),
(233, 'Kabupaten Gresik', 15),
(234, 'Kabupaten Jember', 15),
(235, 'Kabupaten Jombang', 15),
(236, 'Kabupaten Kediri', 15),
(237, 'Kabupaten Lamongan', 15),
(238, 'Kabupaten Lumajang', 15),
(239, 'Kabupaten Madiun', 15),
(240, 'Kabupaten Magetan', 15),
(241, 'Kabupaten Malang', 15),
(242, 'Kabupaten Mojokerto', 15),
(243, 'Kabupaten Nganjuk', 15),
(244, 'Kabupaten Ngawi', 15),
(245, 'Kabupaten Pacitan', 15),
(246, 'Kabupaten Pamekasan', 15),
(247, 'Kabupaten Pasuruan', 15),
(248, 'Kabupaten Ponorogo', 15),
(249, 'Kabupaten Probolinggo', 15),
(250, 'Kabupaten Sampang', 15),
(251, 'Kabupaten Sidoarjo', 15),
(252, 'Kabupaten Situbondo', 15),
(253, 'Kabupaten Sumenep', 15),
(254, 'Kabupaten Trenggalek', 15),
(255, 'Kabupaten Tuban', 15),
(256, 'Kabupaten Tulungagung', 15),
(257, 'Kota Batu', 15),
(258, 'Kota Blitar', 15),
(259, 'Kota Kediri', 15),
(260, 'Kota Madiun', 15),
(261, 'Kota Malang', 15),
(262, 'Kota Mojokerto', 15),
(263, 'Kota Pasuruan', 15),
(264, 'Kota Probolinggo', 15),
(265, 'Kota Surabaya', 15),
(266, 'Kabupaten Bantul', 16),
(267, 'Kabupaten Gunung Kidul', 16),
(268, 'Kabupaten Kulon Progo', 16),
(269, 'Kabupaten Sleman', 16),
(270, 'Kota Yogyakarta', 16),
(271, 'Kabupaten Badung', 17),
(272, 'Kabupaten Bangli', 17),
(273, 'Kabupaten Buleleng', 17),
(274, 'Kabupaten Gianyar', 17),
(275, 'Kabupaten Jembrana', 17),
(276, 'Kabupaten Karangasem', 17),
(277, 'Kabupaten Klungkung', 17),
(278, 'Kabupaten Tabanan', 17),
(279, 'Kota Denpasar', 17),
(280, 'Kabupaten Bima', 18),
(281, 'Kabupaten Dompu', 18),
(282, 'Kabupaten Lombok Barat', 18),
(283, 'Kabupaten Lombok Tengah', 18),
(284, 'Kabupaten Lombok Timur', 18),
(285, 'Kabupaten Lombok Utara', 18),
(286, 'Kabupaten Sumbawa', 18),
(287, 'Kabupaten Sumbawa Barat', 18),
(288, 'Kota Bima', 18),
(289, 'Kota Mataram', 18),
(290, 'Kabupaten Kupang', 19),
(291, 'Kabupaten Timor Tengah Selatan', 19),
(292, 'Kabupaten Timor Tengah Utara', 19),
(293, 'Kabupaten Belu', 19),
(294, 'Kabupaten Alor', 19),
(295, 'Kabupaten Flores Timur', 19),
(296, 'Kabupaten Sikka', 19),
(297, 'Kabupaten Ende', 19),
(298, 'Kabupaten Ngada', 19),
(299, 'Kabupaten Manggarai', 19),
(300, 'Kabupaten Sumba Timur', 19),
(301, 'Kabupaten Sumba Barat', 19),
(302, 'Kabupaten Lembata', 19),
(303, 'Kabupaten Rote Ndao', 19),
(304, 'Kabupaten Manggarai Barat', 19),
(305, 'Kabupaten Nagekeo', 19),
(306, 'Kabupaten Sumba Tengah', 19),
(307, 'Kabupaten Sumba Barat Daya', 19),
(308, 'Kabupaten Manggarai Timur', 19),
(309, 'Kabupaten Sabu Raijua', 19),
(310, 'Kota Kupang', 19),
(311, 'Kabupaten Bengkayang', 20),
(312, 'Kabupaten Kapuas Hulu', 20),
(313, 'Kabupaten Kayong Utara', 20),
(314, 'Kabupaten Ketapang', 20),
(315, 'Kabupaten Kubu Raya', 20),
(316, 'Kabupaten Landak', 20),
(317, 'Kabupaten Melawi', 20),
(318, 'Kabupaten Pontianak', 20),
(319, 'Kabupaten Sambas', 20),
(320, 'Kabupaten Sanggau', 20),
(321, 'Kabupaten Sekadau', 20),
(322, 'Kabupaten Sintang', 20),
(323, 'Kota Pontianak', 20),
(324, 'Kota Singkawang', 20),
(325, 'Kabupaten Balangan', 21),
(326, 'Kabupaten Banjar', 21),
(327, 'Kabupaten Barito Kuala', 21),
(328, 'Kabupaten Hulu Sungai Selatan', 21),
(329, 'Kabupaten Hulu Sungai Tengah', 21),
(330, 'Kabupaten Hulu Sungai Utara', 21),
(331, 'Kabupaten Kotabaru', 21),
(332, 'Kabupaten Tabalong', 21),
(333, 'Kabupaten Tanah Bumbu', 21),
(334, 'Kabupaten Tanah Laut', 21),
(335, 'Kabupaten Tapin', 21),
(336, 'Kota Banjarbaru', 21),
(337, 'Kota Banjarmasin', 21),
(338, 'Kabupaten Barito Selatan', 22),
(339, 'Kabupaten Barito Timur', 22),
(340, 'Kabupaten Barito Utara', 22),
(341, 'Kabupaten Gunung Mas', 22),
(342, 'Kabupaten Kapuas', 22),
(343, 'Kabupaten Katingan', 22),
(344, 'Kabupaten Kotawaringin Barat', 22),
(345, 'Kabupaten Kotawaringin Timur', 22),
(346, 'Kabupaten Lamandau', 22),
(347, 'Kabupaten Murung Raya', 22),
(348, 'Kabupaten Pulang Pisau', 22),
(349, 'Kabupaten Sukamara', 22),
(350, 'Kabupaten Seruyan', 22),
(351, 'Kota Palangka Raya', 22),
(352, 'Kabupaten Berau', 23),
(353, 'Kabupaten Bulungan', 23),
(354, 'Kabupaten Kutai Barat', 23),
(355, 'Kabupaten Kutai Kartanegara', 23),
(356, 'Kabupaten Kutai Timur', 23),
(357, 'Kabupaten Malinau', 23),
(358, 'Kabupaten Nunukan', 23),
(359, 'Kabupaten Paser', 23),
(360, 'Kabupaten Penajam Paser Utara', 23),
(361, 'Kabupaten Tana Tidung', 23),
(362, 'Kota Balikpapan', 23),
(363, 'Kota Bontang', 23),
(364, 'Kota Samarinda', 23),
(365, 'Kota Tarakan', 23),
(366, 'Kabupaten Boalemo', 24),
(367, 'Kabupaten Bone Bolango', 24),
(368, 'Kabupaten Gorontalo', 24),
(369, 'Kabupaten Gorontalo Utara', 24),
(370, 'Kabupaten Pohuwato', 24),
(371, 'Kota Gorontalo', 24),
(372, 'Kabupaten Bantaeng', 25),
(373, 'Kabupaten Barru', 25),
(374, 'Kabupaten Bone', 25),
(375, 'Kabupaten Bulukumba', 25),
(376, 'Kabupaten Enrekang', 25),
(377, 'Kabupaten Gowa', 25),
(378, 'Kabupaten Jeneponto', 25),
(379, 'Kabupaten Kepulauan Selayar', 25),
(380, 'Kabupaten Luwu', 25),
(381, 'Kabupaten Luwu Timur', 25),
(382, 'Kabupaten Luwu Utara', 25),
(383, 'Kabupaten Maros', 25),
(384, 'Kabupaten Pangkajene dan Kepulauan', 25),
(385, 'Kabupaten Pinrang', 25),
(386, 'Kabupaten Sidenreng Rappang', 25),
(387, 'Kabupaten Sinjai', 25),
(388, 'Kabupaten Soppeng', 25),
(389, 'Kabupaten Takalar', 25),
(390, 'Kabupaten Tana Toraja', 25),
(391, 'Kabupaten Toraja Utara', 25),
(392, 'Kabupaten Wajo', 25),
(393, 'Kota Makassar', 25),
(394, 'Kota Palopo', 25),
(395, 'Kota Parepare', 25),
(396, 'Kabupaten Bombana', 26),
(397, 'Kabupaten Buton', 26),
(398, 'Kabupaten Buton Utara', 26),
(399, 'Kabupaten Kolaka', 26),
(400, 'Kabupaten Kolaka Utara', 26),
(401, 'Kabupaten Konawe', 26),
(402, 'Kabupaten Konawe Selatan', 26),
(403, 'Kabupaten Konawe Utara', 26),
(404, 'Kabupaten Muna', 26),
(405, 'Kabupaten Wakatobi', 26),
(406, 'Kota Bau-Bau', 26),
(407, 'Kota Kendari', 26),
(408, 'Kabupaten Banggai', 27),
(409, 'Kabupaten Banggai Kepulauan', 27),
(410, 'Kabupaten Buol', 27),
(411, 'Kabupaten Donggala', 27),
(412, 'Kabupaten Morowali', 27),
(413, 'Kabupaten Parigi Moutong', 27),
(414, 'Kabupaten Poso', 27),
(415, 'Kabupaten Tojo Una-Una', 27),
(416, 'Kabupaten Toli-Toli', 27),
(417, 'Kabupaten Sigi', 27),
(418, 'Kota Palu', 27),
(419, 'Kabupaten Bolaang Mongondow', 28),
(420, 'Kabupaten Bolaang Mongondow Selatan', 28),
(421, 'Kabupaten Bolaang Mongondow Timur', 28),
(422, 'Kabupaten Bolaang Mongondow Utara', 28),
(423, 'Kabupaten Kepulauan Sangihe', 28),
(424, 'Kabupaten Kepulauan Siau Tagulandang Biaro', 28),
(425, 'Kabupaten Kepulauan Talaud', 28),
(426, 'Kabupaten Minahasa', 28),
(427, 'Kabupaten Minahasa Selatan', 28),
(428, 'Kabupaten Minahasa Tenggara', 28),
(429, 'Kabupaten Minahasa Utara', 28),
(430, 'Kota Bitung', 28),
(431, 'Kota Kotamobagu', 28),
(432, 'Kota Manado', 28),
(433, 'Kota Tomohon', 28),
(434, 'Kabupaten Majene', 29),
(435, 'Kabupaten Mamasa', 29),
(436, 'Kabupaten Mamuju', 29),
(437, 'Kabupaten Mamuju Utara', 29),
(438, 'Kabupaten Polewali Mandar', 29),
(439, 'Kabupaten Buru', 30),
(440, 'Kabupaten Buru Selatan', 30),
(441, 'Kabupaten Kepulauan Aru', 30),
(442, 'Kabupaten Maluku Barat Daya', 30),
(443, 'Kabupaten Maluku Tengah', 30),
(444, 'Kabupaten Maluku Tenggara', 30),
(445, 'Kabupaten Maluku Tenggara Barat', 30),
(446, 'Kabupaten Seram Bagian Barat', 30),
(447, 'Kabupaten Seram Bagian Timur', 30),
(448, 'Kota Ambon', 30),
(449, 'Kota Tual', 30),
(450, 'Kabupaten Halmahera Barat', 31),
(451, 'Kabupaten Halmahera Tengah', 31),
(452, 'Kabupaten Halmahera Utara', 31),
(453, 'Kabupaten Halmahera Selatan', 31),
(454, 'Kabupaten Kepulauan Sula', 31),
(455, 'Kabupaten Halmahera Timur', 31),
(456, 'Kabupaten Pulau Morotai', 31),
(457, 'Kota Ternate', 31),
(458, 'Kota Tidore Kepulauan', 31),
(459, 'Kabupaten Asmat', 32),
(460, 'Kabupaten Biak Numfor', 32),
(461, 'Kabupaten Boven Digoel', 32),
(462, 'Kabupaten Deiyai', 32),
(463, 'Kabupaten Dogiyai', 32),
(464, 'Kabupaten Intan Jaya', 32),
(465, 'Kabupaten Jayapura', 32),
(466, 'Kabupaten Jayawijaya', 32),
(467, 'Kabupaten Keerom', 32),
(468, 'Kabupaten Kepulauan Yapen', 32),
(469, 'Kabupaten Lanny Jaya', 32),
(470, 'Kabupaten Mamberamo Raya', 32),
(471, 'Kabupaten Mamberamo Tengah', 32),
(472, 'Kabupaten Mappi', 32),
(473, 'Kabupaten Merauke', 32),
(474, 'Kabupaten Mimika', 32),
(475, 'Kabupaten Nabire', 32),
(476, 'Kabupaten Nduga', 32),
(477, 'Kabupaten Paniai', 32),
(478, 'Kabupaten Pegunungan Bintang', 32),
(479, 'Kabupaten Puncak', 32),
(480, 'Kabupaten Puncak Jaya', 32),
(481, 'Kabupaten Sarmi', 32),
(482, 'Kabupaten Supiori', 32),
(483, 'Kabupaten Tolikara', 32),
(484, 'Kabupaten Waropen', 32),
(485, 'Kabupaten Yahukimo', 32),
(486, 'Kabupaten Yalimo', 32),
(487, 'Kota Jayapura', 32),
(488, 'Kabupaten Fakfak', 33),
(489, 'Kabupaten Kaimana', 33),
(490, 'Kabupaten Manokwari', 33),
(491, 'Kabupaten Maybrat', 33),
(492, 'Kabupaten Raja Ampat', 33),
(493, 'Kabupaten Sorong', 33),
(494, 'Kabupaten Sorong Selatan', 33),
(495, 'Kabupaten Tambrauw', 33),
(496, 'Kabupaten Teluk Bintuni', 33),
(497, 'Kabupaten Teluk Wondama', 33),
(498, 'Kota Sorong', 33);

--
-- Dumping data for table `master_propinsi`
--

INSERT INTO `master_propinsi` (`id_propinsi`, `nama_propinsi`) VALUES
(1, 'Aceh'),
(2, 'Sumatera Utara'),
(3, 'Bengkulu'),
(4, 'Jambi'),
(5, 'Riau'),
(6, 'Sumatera Barat'),
(7, 'Sumatera Selatan'),
(8, 'Lampung'),
(9, 'Kepulauan Bangka Belitung'),
(10, 'Kepulauan Riau'),
(11, 'Banten'),
(12, 'Jawa Barat'),
(13, 'DKI Jakarta'),
(14, 'Jawa Tengah'),
(15, 'Jawa Timur'),
(16, 'Daerah Istimewa Yogyakarta'),
(17, 'Bali'),
(18, 'Nusa Tenggara Barat'),
(19, 'Nusa Tenggara Timur'),
(20, 'Kalimantan Barat'),
(21, 'Kalimantan Selatan'),
(22, 'Kalimantan Tengah'),
(23, 'Kalimantan Timur'),
(24, 'Gorontalo'),
(25, 'Sulawesi Selatan'),
(26, 'Sulawesi Tenggara'),
(27, 'Sulawesi Tengah'),
(28, 'Sulawesi Utara'),
(29, 'Sulawesi Barat'),
(30, 'Maluku'),
(31, 'Maluku Utara'),
(32, 'Papua'),
(33, 'Papua Barat');

--
-- Dumping data for table `permohonan`
--

INSERT INTO `permohonan` (`idpermohonan`, `idtermin_bayar`, `tgl_permohonan`, `nilai_permintaan_rupiah`, `nilai_permintaan_dollar`, `nilai_disetujui_rupiah`, `nilai_disetujui_dollar`, `eq_idr_usd`, `disetujui`, `total_disetujui_dollar`, `loan_adb_usd`, `grant_gov_usd`, `tgl_dikirim`, `tgl_disetujui`, `dibayarkan`) VALUES
(1, 1, '2011-01-11', '1000000.00', '500.00', '900000.00', '450.00', '0.00', 1, '0.00', '0.00', '0.00', '2011-01-12', '2011-01-15', '2011-01-16');

--
-- Dumping data for table `perusahaan`
--

INSERT INTO `perusahaan` (`idperusahaan`, `nama`, `jenis`, `alamat`, `telpon`, `hp`, `fax`, `email`, `website`, `status`) VALUES
(1, 'PT. Abiyasa Raya Twenty2', 'Individu', 'Bogor', '02518942342', '0812234234234', '02518942343', 'abiyasa@twenty.com', 'www.twenty.info', 1),
(2, 'PT. Wijaya Karya Utama', 'Individu', 'J. Jend. Sudirman, Jakarta', '0213445645', '088823423424', '0213445646', 'info@wika.com', 'www.wika.com', 1),
(7, 'Poyry Environment, Gmbh, pt', 'Company', NULL, NULL, NULL, NULL, NULL, NULL, 1),
(8, 'SMEC International, Pty, Ltd', 'Company', NULL, NULL, NULL, NULL, NULL, NULL, 1),
(4, 'PT. CapungRiders', 'Company', 'Bogor', '234234', '234345', '3453', 'email@me.com', 'www.me.com', 1),
(5, 'PT. Indonesia Raya', 'Company', 'Bandung', '9234234', '239298293849', '234234234', 'rail@road.com', 'www.road.com', 1),
(6, 'PT. Irfan Bachdim', 'Company', 'Malang', '98203420', '088270348', '982734827', 'irfan@bachdim.gol', 'www.bachdim.gol', 1),
(9, 'Catur Bina Guna Persada, pt', 'Company', NULL, NULL, NULL, NULL, NULL, NULL, 0),
(10, 'Black and Veat pt, IRM Asia, Reka, MTeknik, Saka, Osana', 'Company', NULL, NULL, NULL, NULL, NULL, NULL, 0),
(11, 'Inacon Luhur Pertiwi, pt', 'Company', 'Bogor', '098796976', '', '887987087', 'info@inacon.com', '', 1),
(12, 'Royalinda Expoduta, pt', 'Company', NULL, NULL, NULL, NULL, NULL, NULL, 0),
(13, 'Pillar Pusaka Inti, pt in Assoc Phibetha, pt', 'Company', NULL, NULL, NULL, NULL, NULL, NULL, 0),
(14, 'Individual Consultant', 'Company', NULL, NULL, NULL, NULL, NULL, NULL, 0),
(15, 'PMU IRSDP', 'Company', NULL, NULL, NULL, NULL, NULL, NULL, 0),
(16, 'PAS Consultant', 'Company', NULL, NULL, NULL, NULL, NULL, NULL, 0),
(17, 'TAS Consultant', 'Company', NULL, NULL, NULL, NULL, NULL, NULL, 0),
(38, 'PT. Hayam Gahang', 'Company', 'Bogor', '00808', '080909', '00809', 'abiyasa@twenty.net', 'www.bhinneka.com', 1),
(50, 'PT. Singkit Mosque', 'Individu', 'Afrika Barat', '081928301298', '09230420384', '023402893408', 'singkit@mosque.mus', 'www.mosque.mus', NULL),
(49, 'PT. Radang Tenggorokan', 'Company', 'Jatibening, Jakarta', '086487528735', '0192748348777', '0123234982384', 'radang@tenggorokan.nyet', 'www.tenggorokan.nyet', 0);

--
-- Dumping data for table `peserta_tender`
--


--
-- Dumping data for table `pic`
--

INSERT INTO `pic` (`idpic`, `idperusahaan`, `nama`, `group`, `password`, `email`, `phone`, `hp`, `fax`) VALUES
(1, '0', 'petugas_pas', 1, 'petugas_pas', 'petugas_pas@example.com', '123456', '0121', '123123'),
(2, '0', 'admin', 2, 'admin', 'admin@example.com', '8765432', '23456787654', '345675434566543'),
(3, '0', 'petugas_tas', 3, 'petugas_tas', 'petugas_tas@example.com', '123', '45', '567'),
(4, '0', 'konsultan', 4, 'konsultan', 'abiyasa@twenty.net', '456744', '57', '567'),
(7, '0', 'asd', 1, 'asd', 'abiyasa@twenty.net', '098098098', '02518678748', '098098098'),
(8, '2', 'qwe2', 4, 'qwe2', 'admin@admin.admin', '081323341345', '081323341345', '02518678748'),
(9, '38', 'd3d3d3', 4, 'd3d3d3', 'sad@asd.ghg', '098098098', '081323341345', '02518678748'),
(13, '7', 'pory', 4, 'pory', 'pory@pory.xom', '9698798798798', '0708797898798', '0238492394293'),
(11, '1', 'abiyasa', 4, 'abiyasa', 'abiyasa@twenty.com', '02518942342', '0812234234234', '02518942343'),
(12, '11', 'inacon', 4, 'inacon', 'info@inacon.com', '', '', ''),
(21, '5', 'ina', 4, 'ina', 'rail@road.com', '9234234', '239298293849', '234234234'),
(17, '1', 'qwe', 4, 'qwe', 'abiyasa@twenty.com', '02518942342', '0812234234234', '02518942343'),
(16, '8', 'smec', 4, 'qwe', 'abiyasa@twenty.net', '', '', ''),
(18, '1', 'ert', 4, 'ert', 'abiyasa@twenty.com', '02518942342', '0812234234234', '02518942343'),
(19, '1', 'rty', 4, 'rty', 'abiyasa@twenty.com', '02518942342', '0812234234234', '02518942343'),
(20, '4', 'caca', 4, 'caca', 'email@me.com', '234234', '234345', '3453'),
(22, '6', 'grgrgr', 4, '0', 'irfan@bachdim.gol', '98203420', '088270348', '982734827');

--
-- Dumping data for table `project_profile`
--

INSERT INTO `project_profile` (`idproject_profile`, `pin`, `nama`, `ppp_book_code`, `usulan_lpd`, `lokasi`, `bpsid_propinsi`, `id_kategori`, `id_loan`, `surat_lpd`, `appr_dprd`, `ppp_form`, `doc_fs`, `tgl_usulan`, `tgl_diisi`, `tgl_revisi`, `idoperator`, `last_idref_status`, `tipe_proyek`) VALUES
(2, 'A2-EN-189', 'Contruction of Interconnection Network for Under Water Cable System of Kalimantan - Java', '', '', 'Central Kalimantan Province - Java', '62', 9, NULL, 0, 0, 0, 0, NULL, '2011-01-03', '2011-01-03', 1, 0, 1),
(1, 'A2-OT-105', 'Banten Water  Front City', '', '', 'Banten Province', '36', 7, NULL, 0, 0, 0, 0, NULL, '2011-01-03', '2011-01-03', 1, 0, 1),
(3, 'A2-MK-139', 'Construction of Modern Grocery Market', '', '', 'Kota Subulusalam, Kecamatan Simpang Kiri, NAD', '01', 8, NULL, 0, 0, 0, 0, NULL, '2011-01-03', '2011-01-03', 1, 0, 1),
(4, 'A2-OT-55', 'Construction of Warehouse Baggage Check Facility Infrastructure for Agriculture Sector', '', '', 'Kel. Siring Agung, Kec. Lubuklinggau Selatan ', '16', 7, NULL, 0, 0, 0, 0, NULL, '2011-01-03', '2011-01-03', 1, 0, 1),
(5, 'A2-WM-45', 'Construction of Liquid and Solid Waste Disposal Facility', '', '', 'Moen Geudong, Kec. Banda Sakti dan Alue Liem,', '11', 6, NULL, 0, 0, 0, 0, NULL, '2011-01-03', '2011-01-03', 1, 0, 1),
(6, 'A2-OT-44', 'Lhokseumawe City Ring Road', '', '', 'Kota Lhokseumawe', '11', 7, NULL, 0, 0, 0, 0, NULL, '2011-01-03', '2011-01-03', 1, 0, 1),
(7, 'A2-OT-37', 'Development of Integrated Area (Musi River, Palembang City)', '', '', 'Kec. Gandus; IT I dan IT II', '16', 7, NULL, 0, 0, 0, 0, NULL, '2011-01-03', '2011-01-03', 1, 0, 1),
(8, 'A2-RW-40', 'Railway Construction', '', '', 'Desa Tanjung Katung, Kecamatan Ma. Sebo, Kab/', '15', 4, NULL, 0, 0, 0, 0, NULL, '2011-01-03', '2011-01-03', 1, 0, 1),
(9, 'A2-SP-41', 'Construction of Coal Port at Ujung Jabung', '', '', 'Ujung Jabung, Kec. Nipah Panjang, Kota Tanjab', '15', 1, NULL, 0, 0, 0, 0, NULL, '2011-01-03', '2011-01-03', 1, 0, 1),
(10, 'A2-WS-48', 'Construction of Water Supply at 3 Cities', '', '', 'Sipirok, Batangtoru dan Batang Angkola, Tapan', '12', 10, NULL, 0, 0, 0, 0, NULL, '2011-01-03', '2011-01-03', 1, 0, 1),
(11, 'A2-OT-101', 'Sport Centre / Sport City', '', '', 'Kemanisan, Curug, Serang, Banten', '36', 7, NULL, 0, 0, 0, 0, NULL, '2011-01-03', '2011-01-03', 1, 0, 1),
(12, 'A2-OT-102', 'Construction of Agribussiness Terminal', '', '', 'Kasemen,Serang,Banten', '36', 7, NULL, 0, 0, 0, 0, NULL, '2011-01-03', '2011-01-03', 1, 0, 1),
(13, 'A2-OT-103', 'Construction of Integrated Transportation Connection at Bojonegara Area', '', '', 'Margasari, Sumuranja, Puloampel, Serang, Bant', '36', 7, NULL, 0, 0, 0, 0, NULL, '2011-01-03', '2011-01-03', 1, 0, 1),
(14, 'A1-SP-01', 'Margagiri Ketapang Ferry Terminal', '', '', 'Ministry of Transportation', '18', 1, NULL, 0, 0, 0, 0, NULL, '2011-01-03', '2011-01-03', 1, 0, 1),
(15, 'A1-TR-02', 'Technical Advisory for BPJT', '', '', 'BPJT', '', 5, NULL, 0, 0, 0, 0, NULL, '2011-01-03', '2011-01-03', 1, 0, 1),
(16, 'A1-RW-03', 'Construction of Railway Network for Airport Soekarno Hatta-Manggarai Route', '', '', 'Ministry of Transportation', '31', 4, NULL, 0, 0, 0, 0, NULL, '2011-01-03', '2011-01-03', 1, 0, 1),
(17, 'A2-WS-01', 'Water Supply Project Cimenteng', '', '', 'Bandung City', '32', 10, NULL, 0, 0, 0, 0, NULL, '2011-01-03', '2011-01-03', 1, 0, 1),
(18, 'A2-WS-02', 'Water Treatment Facility Tukatunda', '', '', 'Klungkung District', '51', 10, NULL, 0, 0, 0, 0, NULL, '2011-01-03', '2011-01-03', 1, 0, 1),
(19, 'A2-BT-03', 'Gedebage Integrated Terminal', '', '', 'Bandung City', '32', 2, NULL, 0, 0, 0, 0, NULL, '2011-01-03', '2011-01-03', 1, 0, 1),
(20, 'A2-AP-04', 'Kertajati West Java International Airport', 'D-022-05-0', '', 'West Java Province', '32', 3, NULL, 0, 0, 0, 0, NULL, '2011-01-03', '2011-01-03', 1, 0, 1),
(21, 'A2-MK-12', 'Redevelopment of Malioboro Area', '', '', 'Yogyakarta City', '34', 8, NULL, 0, 0, 0, 0, NULL, '2011-01-03', '2011-01-03', 1, 0, 1),
(22, 'A2-SP-14', 'Tanah Ampo Cruise Terminal', '', '', 'Karang Asem District', '51', 1, NULL, 0, 0, 0, 0, NULL, '2011-01-03', '2011-01-03', 1, 0, 1),
(23, 'A2-SP-15', 'Tanjung Api-Api Seaport', '', '', 'South Sumatra Province', '16', 1, NULL, 0, 0, 0, 0, NULL, '2011-01-03', '2011-01-03', 1, 0, 1),
(24, 'A2-SP-16', 'Development of Bay Port in Tanjung Balai City & Bagan Asahan Port.', '', '', 'North Sumatra Province', '12', 1, NULL, 0, 0, 0, 0, NULL, '2011-01-03', '2011-01-03', 1, 0, 1),
(25, 'A2-RW-17', 'Construction of Railway Network for Kuala Namu Airport Medan-Kuala Namu Route (PT.RAILINK).', '', '', 'North Sumatra Province', '12', 4, NULL, 0, 0, 0, 0, NULL, '2011-01-03', '2011-01-03', 1, 0, 1),
(26, 'A2-OT-18', 'Flood Management System in Medan City and Surroundings.', '', '', 'North Sumatra Province', '12', 7, NULL, 0, 0, 0, 0, NULL, '2011-01-03', '2011-01-03', 1, 0, 1),
(27, 'A2-WM-19', 'Integrated Waste Management System', '', '', 'North Sumatra Province', '12', 6, NULL, 0, 0, 0, 0, NULL, '2011-01-03', '2011-01-03', 1, 0, 1),
(28, 'A2-AP-20', 'Development of Silangit Taput Airport', '', '', 'North Sumatra Province', '12', 3, NULL, 0, 0, 0, 0, NULL, '2011-01-03', '2011-01-03', 1, 0, 1),
(29, 'A2-SP-21', 'Cargo Terminal Development', '', '', 'Pekanbaru City', '14', 1, NULL, 0, 0, 0, 0, NULL, '2011-01-03', '2011-01-03', 1, 0, 1),
(30, 'A2-WS-22', 'Development of Water Supply System', '', '', 'Palu City', '', 10, NULL, 0, 0, 0, 0, NULL, '2011-01-03', '2011-01-03', 1, 0, 1),
(31, 'A2-MK-23', 'Construction for Art and Handicraft Market of Small and Medium Enterprises', '', '', 'Sleman District', '34', 8, NULL, 0, 0, 0, 0, NULL, '2011-01-03', '2011-01-03', 1, 0, 1),
(32, 'A2-SP-24', 'Operating Water Bus and Construction of River Dock', '', '', 'Palembang City', '16', 1, NULL, 0, 0, 0, 0, NULL, '2011-01-03', '2011-01-03', 1, 0, 1),
(33, 'A2-RW-25', 'Construction of Palangkaraya Railway, 185 km', '', '', 'Central Borneo Province', '62', 4, NULL, 0, 0, 0, 0, NULL, '2011-01-03', '2011-01-03', 1, 0, 1),
(34, 'A2-MK-26', 'Construction of Multifunction Market in Pannampu.', '', '', 'Makassar City', '73', 8, NULL, 0, 0, 0, 0, NULL, '2011-01-03', '2011-01-03', 1, 0, 1),
(35, 'A2-MK-27', 'Renovation of PYesng Selasa, Tangga Buntung, and 10 Ulu Market', '', '', 'Palembang City', '16', 8, NULL, 0, 0, 0, 0, NULL, '2011-01-03', '2011-01-03', 1, 0, 1),
(36, 'A2-AP-28', 'Development of Remote Airport to Commodities Airport', '', '', 'Jember District', '35', 3, NULL, 0, 0, 0, 0, NULL, '2011-01-03', '2011-01-03', 1, 0, 1),
(37, 'A2-SP-29', 'Development of Kertajaya Multi-vehicle Terminal', '', '', 'South Sumatra Province', '16', 1, NULL, 0, 0, 0, 0, NULL, '2011-01-03', '2011-01-03', 1, 0, 1),
(38, 'A2-MK-30', 'Development of Prambanan Market to Multi-function Market', '', '', 'Sleman Regency', '33', 8, NULL, 0, 0, 0, 0, NULL, '2011-01-03', '2011-01-03', 1, 0, 1),
(39, 'A2-WS-31', 'Development of Water Supply System in Bandung Area', '', '', 'Bandung Regency', '32', 10, NULL, 0, 0, 0, 0, NULL, '2011-01-03', '2011-01-03', 1, 0, 1),
(40, 'A2-WS-32', 'Development of Watter Suply', '', '', 'Purwakarta District', '33', 10, NULL, 0, 0, 0, 0, NULL, '2011-01-03', '2011-01-03', 1, 0, 1),
(41, 'A2-OT-33', 'Mebidang Transportation System', '', '', 'North Sumatra Province', '12', 7, NULL, 0, 0, 0, 0, NULL, '2011-01-03', '2011-01-03', 1, 0, 1),
(42, 'A2-OT-34', 'Immitation Lake Tourism Area', '', '', 'Pekanbaru City', '', 7, NULL, 0, 0, 0, 0, NULL, '2011-01-03', '2011-01-03', 1, 0, 1),
(43, 'A2-OT-35', 'Construction of Tenayan Industrial Area', '', '', 'Pekanbaru City', '', 7, NULL, 0, 0, 0, 0, NULL, '2011-01-03', '2011-01-03', 1, 0, 1),
(44, 'A2-WM-38', 'Instalation of Blackwater Disposal -Communal Sanitation and Greywater Disposal -IPLT Apartment', '', '', 'Palembang City', '16', 6, NULL, 0, 0, 0, 0, NULL, '2011-01-03', '2011-01-03', 1, 0, 1),
(45, 'A2-WM-39', 'Waste management', '', '', 'Palembang City', '16', 6, NULL, 0, 0, 0, 0, NULL, '2011-01-03', '2011-01-03', 1, 0, 1),
(46, 'A2-AP-42', 'Development of Sultan Thaha Airport, Jambi', '', '', 'Jambi Province', '15', 3, NULL, 0, 0, 0, 0, NULL, '2011-01-03', '2011-01-03', 1, 0, 1),
(47, 'A2-SP-46', 'Construction of Sea Wall', '', '', 'Lhokseumawe City', '01', 1, NULL, 0, 0, 0, 0, NULL, '2011-01-03', '2011-01-03', 1, 0, 1),
(48, 'A2-WS-47', 'Construction of WTP and Pipe Connection for Water Supply Distribution', '', '', 'Lhokseumawe City', '01', 10, NULL, 0, 0, 0, 0, NULL, '2011-01-03', '2011-01-03', 1, 0, 1),
(49, 'A2-BT-49', 'Development of Trade center and Integrated Terminal of Sipirok City', '', '', 'South Tapanuli District', '71', 2, NULL, 0, 0, 0, 0, NULL, '2011-01-03', '2011-01-03', 1, 0, 1),
(50, 'A2-EN-50', 'Conctruction of Sipotangniari water-based power generator (PLTA)', '', '', 'South Tapanuli District', '71', 9, NULL, 0, 0, 0, 0, NULL, '2011-01-03', '2011-01-03', 1, 0, 1),
(51, 'A2-EN-51', 'Construction of Muara Upu vapor-based power generator (PLTU) at Muara Batangtoru sub-district', '', '', 'South Tapanuli District', '12', 9, NULL, 0, 0, 0, 0, NULL, '2011-01-03', '2011-01-03', 1, 0, 1),
(52, 'A2-SP-52', 'Construction of Breakwater at Sungai Liat Trade Port', '', '', 'Bangka District', '', 1, NULL, 0, 0, 0, 0, NULL, '2011-01-03', '2011-01-03', 1, 0, 1),
(53, 'A2-OT-53', 'Procurement of Crane and Forklift at Sungai Liat Trade Portt', '', '', 'Bangka District', '', 7, NULL, 0, 0, 0, 0, NULL, '2011-01-03', '2011-01-03', 1, 0, 1),
(54, 'A2-OT-54', 'Development of Facility and Infrastructure for Rest Area at Type B Terminal', '', '', 'Lubuk Linggau City', '', 7, NULL, 0, 0, 0, 0, NULL, '2011-01-03', '2011-01-03', 1, 0, 1),
(55, 'A2-AP-56', 'Airport construction', '', '', 'TojoUna-Una District', '', 3, NULL, 0, 0, 0, 0, NULL, '2011-01-03', '2011-01-03', 1, 0, 1),
(56, 'A2-OT-57', 'Structuring and Organizing of Blockplan stall and kiosk at the bay coastline', '', '', 'Palu City', '71', 7, NULL, 0, 0, 0, 0, NULL, '2011-01-03', '2011-01-03', 1, 0, 1),
(57, 'A2-WS-58', 'Water Supply at Muara Tami District', '', '', 'Jayapura City', '', 10, NULL, 0, 0, 0, 0, NULL, '2011-01-03', '2011-01-03', 1, 0, 1),
(58, 'A2-OT-59', 'Jayapura City Walk (Revitalization for City center Area)', '', '', 'Jayapura City', '', 7, NULL, 0, 0, 0, 0, NULL, '2011-01-03', '2011-01-03', 1, 0, 1),
(59, 'A2-WM-60', 'Integrated waste management', '', '', 'Jayapura City', '', 6, NULL, 0, 0, 0, 0, NULL, '2011-01-03', '2011-01-03', 1, 0, 1),
(60, 'A2-WS-61', 'Procurement of facility and infrastructure for water supply', '', '', 'North Mamuju District', '', 10, NULL, 0, 0, 0, 0, NULL, '2011-01-03', '2011-01-03', 1, 0, 1),
(61, 'A2-EN-62', 'Advanced feasibility study (Creation of DED) for construction of PLTM at Sipin Village 5,7 MW, Kota ', '', '', 'Ogan Komering Ulu District', '', 9, NULL, 0, 0, 0, 0, NULL, '2011-01-03', '2011-01-03', 1, 0, 1),
(62, 'A2-EN-63', 'Advanced feasibility study (Creation of DED) for construction of PLTP at Marga Bayu Village, Ulu Pan', '', '', 'Ogan Komering Ulu District', '', 9, NULL, 0, 0, 0, 0, NULL, '2011-01-03', '2011-01-03', 1, 0, 1),
(63, 'A2-MK-65', 'Wadungsari Integrated market', '', '', 'Sidoarjo District', '35', 8, NULL, 0, 0, 0, 0, NULL, '2011-01-03', '2011-01-03', 1, 0, 1),
(64, 'A2-WM-67', 'Partnership in construction of sanitation and waste management', '', '', 'Sidoarjo District', '', 6, NULL, 0, 0, 0, 0, NULL, '2011-01-03', '2011-01-03', 1, 0, 1),
(65, 'A2-WS-68', 'Construction of Water supply instalation', '', '', 'Bontang City', '', 10, NULL, 0, 0, 0, 0, NULL, '2011-01-03', '2011-01-03', 1, 0, 1),
(66, 'A2-WS-70', 'Improvement of Water Suply', '', '', 'Palu City', '72', 10, NULL, 0, 0, 0, 0, NULL, '2011-01-03', '2011-01-03', 1, 0, 1),
(67, 'A2-WS-72', 'Water Supply', '', '', 'Sigi District', '', 10, NULL, 0, 0, 0, 0, NULL, '2011-01-03', '2011-01-03', 1, 0, 1),
(68, 'A2-EN-73', 'PLTA at Gumbara River', '', '', 'Sigi District', '', 9, NULL, 0, 0, 0, 0, NULL, '2011-01-03', '2011-01-03', 1, 0, 1),
(69, 'A2-WS-76', 'Development of Water Supply facility', '', '', 'Parigi Moutong District', '', 10, NULL, 0, 0, 0, 0, NULL, '2011-01-03', '2011-01-03', 1, 0, 1),
(70, 'A2-WS-78', 'Water Supply', '', '', 'Poso District', '', 10, NULL, 0, 0, 0, 0, NULL, '2011-01-03', '2011-01-03', 1, 0, 1),
(71, 'A2-AP-79', 'Airport expansion (1400 to 2000m)', '', '', 'Poso District', '', 3, NULL, 0, 0, 0, 0, NULL, '2011-01-03', '2011-01-03', 1, 0, 1),
(72, 'A2-AP-84', 'Construction of Airport', '', '', 'Banyuwangi District', '35', 3, NULL, 0, 0, 0, 0, NULL, '2011-01-03', '2011-01-03', 1, 0, 1),
(73, 'A2-WS-85', 'Water supply for insustrial and outer island', '', '', 'Banyuwangi District', '35', 10, NULL, 0, 0, 0, 0, NULL, '2011-01-03', '2011-01-03', 1, 0, 1),
(74, 'A2-OT-86', 'Sea transportation, Maritime Tourism Resort', '', '', 'Banyuwangi District', '35', 7, NULL, 0, 0, 0, 0, NULL, '2011-01-03', '2011-01-03', 1, 0, 1),
(75, 'A2-MK-87', 'Banyuwangi central market', '', '', 'Banyuwangi District', '35', 8, NULL, 0, 0, 0, 0, NULL, '2011-01-03', '2011-01-03', 1, 0, 1),
(76, 'A2-MK-88', 'Construction of loading and discharging market', '', '', 'Banyuwangi District', '35', 8, NULL, 0, 0, 0, 0, NULL, '2011-01-03', '2011-01-03', 1, 0, 1),
(77, 'A2-WS-90', 'Construction of new WTP using the SIPA 1000 ltr/sec from CisYesne River.', '', '', 'Tangerang City', '36', 10, NULL, 0, 0, 0, 0, NULL, '2011-01-03', '2011-01-03', 1, 0, 1),
(78, 'A2-SP-92', 'Construction of Tanjung Bulu Pandan Bangkalan Port', '', '', 'East Java Province', '35', 1, NULL, 0, 0, 0, 0, NULL, '2011-01-03', '2011-01-03', 1, 0, 1),
(79, 'A2-RW-93', 'Development of Gerbangkertosusila (GKS) Regional train transportation system', '', '', 'East Java Province', '35', 4, NULL, 0, 0, 0, 0, NULL, '2011-01-03', '2011-01-03', 1, 0, 1),
(80, 'A2-MK-94', 'Construction of  Trailu multi-function market', '', '', 'Mamuju District', '', 8, NULL, 0, 0, 0, 0, NULL, '2011-01-03', '2011-01-03', 1, 0, 1),
(81, 'A2-SP-95', 'Construction of Ferry Terminal', '', '', 'Lhokseumawe City', '01', 1, NULL, 0, 0, 0, 0, NULL, '2011-01-03', '2011-01-03', 1, 0, 1),
(82, 'A2-WS-96', 'Construction of Water Supply', '', '', 'Sorong District', '92', 10, NULL, 0, 0, 0, 0, NULL, '2011-01-03', '2011-01-03', 1, 0, 1),
(83, 'A2-MK-97', 'Market Construction', '', '', 'Sorong District', '92', 8, NULL, 0, 0, 0, 0, NULL, '2011-01-03', '2011-01-03', 1, 0, 1),
(84, 'A2-MK-98', 'Construction of Modern Market', '', '', 'Poso District', '72', 8, NULL, 0, 0, 0, 0, NULL, '2011-01-03', '2011-01-03', 1, 0, 1),
(85, 'A2-WS-99', 'Construction of Water supply intalation and piping', '', '', 'Lamongan District', '35', 10, NULL, 0, 0, 0, 0, NULL, '2011-01-03', '2011-01-03', 1, 0, 1),
(86, 'A2-MK-100', 'Construction of Blimbing Market', '', '', 'Lamongan District', '35', 8, NULL, 0, 0, 0, 0, NULL, '2011-01-03', '2011-01-03', 1, 0, 1),
(87, 'A2-AP-104', 'Construction of South Banten Airport', '', '', 'Banten Province', '36', 3, NULL, 0, 0, 0, 0, NULL, '2011-01-03', '2011-01-03', 1, 0, 1),
(88, 'A2-OT-106', 'Crossover bridge (Jembatan Penyeberangan) of  Tanjung Ayun-Tarjun (Pulau Laut-Pulau Kalimantan)', '', '', 'South Kalimantan Province', '63', 7, NULL, 0, 0, 0, 0, NULL, '2011-01-03', '2011-01-03', 1, 0, 1),
(89, 'A2-SP-107', 'Construction of ocean port at Datu Island, Tn.Laut', '', '', 'South Kalimantan Province', '63', 1, NULL, 0, 0, 0, 0, NULL, '2011-01-03', '2011-01-03', 1, 0, 1),
(90, 'A2-AP-108', 'Construction of Maluka Baulin Airport at Tanah Laut District', '', '', 'South Kalimantan Province', '63', 3, NULL, 0, 0, 0, 0, NULL, '2011-01-03', '2011-01-03', 1, 0, 1),
(91, 'A2-WM-109', 'Waste Management (TPS) at Rawa Kucing', '', '', 'Tangerang City', '36', 6, NULL, 0, 0, 0, 0, NULL, '2011-01-03', '2011-01-03', 1, 0, 1),
(92, 'A2-OT-110', 'Construction of rent-based apartment', '', '', 'Tangerang City', '36', 7, NULL, 0, 0, 0, 0, NULL, '2011-01-03', '2011-01-03', 1, 0, 1),
(93, 'A2-WM-111', 'Management of IPAL at Perumnas Karawaci', '', '', 'Tangerang City', '36', 6, NULL, 0, 0, 0, 0, NULL, '2011-01-03', '2011-01-03', 1, 0, 1),
(94, 'A2-OT-112', 'Development of new city center area at Tangerang', '', '', 'Tangerang City', '36', 7, NULL, 0, 0, 0, 0, NULL, '2011-01-03', '2011-01-03', 1, 0, 1),
(95, 'A2-WM-113', 'Construction of Regional waste management (TPA) at Bukitinggi City and Agam District', '', '', 'West Sumatra Province', '13', 6, NULL, 0, 0, 0, 0, NULL, '2011-01-03', '2011-01-03', 1, 0, 1),
(96, 'A2-OT-114', 'Revitalization and Development of Sports Hall Area', '', '', 'Bekasi City', '32', 7, NULL, 0, 0, 0, 0, NULL, '2011-01-03', '2011-01-03', 1, 0, 1),
(97, 'A2-BT-115', 'construction of integrated terminal atJati Mekar', '', '', 'Bekasi City', '32', 2, NULL, 0, 0, 0, 0, NULL, '2011-01-03', '2011-01-03', 1, 0, 1),
(98, 'A2-WM-121', 'Waste management technology facility', '', '', 'Mimika District', '', 6, NULL, 0, 0, 0, 0, NULL, '2011-01-03', '2011-01-03', 1, 0, 1),
(99, 'A2-MK-127', 'Construction of central market', '', '', 'Balikpapan City', '64', 8, NULL, 0, 0, 0, 0, NULL, '2011-01-03', '2011-01-03', 1, 0, 1),
(100, 'A2-MK-128', 'Construction of Blambangan Market', '', '', 'Banyuwangi District', '35', 8, NULL, 0, 0, 0, 0, NULL, '2011-01-03', '2011-01-03', 1, 0, 1),
(101, 'A2-MK-129', 'Construction of Tabuhan Island Port', '', '', 'Banyuwangi District', '35', 8, NULL, 0, 0, 0, 0, NULL, '2011-01-03', '2011-01-03', 1, 0, 1),
(102, 'A2-WM-130', 'Construction of integrated wastewater disposal instalation (IPAL) for Fisheries industry Phase I', '', '', 'Banyuwangi District', '35', 6, NULL, 0, 0, 0, 0, NULL, '2011-01-03', '2011-01-03', 1, 0, 1),
(103, 'A2-WS-131', 'Construction of Water Supply system at Serang City', '', '', 'Serang City', '36', 10, NULL, 0, 0, 0, 0, NULL, '2011-01-03', '2011-01-03', 1, 0, 1),
(104, 'A2-WS-132', 'Construction and development of water supply', '', '', 'Pontianak District', '', 10, NULL, 0, 0, 0, 0, NULL, '2011-01-03', '2011-01-03', 1, 0, 1),
(105, 'A2-SP-133', 'Construction of Kuala Menpawah Port', '', '', 'Pontianak District', '', 1, NULL, 0, 0, 0, 0, NULL, '2011-01-03', '2011-01-03', 1, 0, 1),
(106, 'A2-OT-135', 'Construction and development of Road', '', '', 'Sorong District', '', 7, NULL, 0, 0, 0, 0, NULL, '2011-01-03', '2011-01-03', 1, 0, 1),
(107, 'A2-MK-136', 'Renovation of Central Market', '', '', 'Takalar District', '', 8, NULL, 0, 0, 0, 0, NULL, '2011-01-03', '2011-01-03', 1, 0, 1),
(108, 'A2-OT-137', 'Construction of South Coastline road at Bangka Island', '', '', 'Bangka Belitung Island Province', '', 7, NULL, 0, 0, 0, 0, NULL, '2011-01-03', '2011-01-03', 1, 0, 1),
(109, 'A2-OT-138', 'Procurement of Trans Jakarta Bas Provider for coridor 8, 9, and 10', '', '', 'DKI Jakarta Province', '31', 7, NULL, 0, 0, 0, 0, NULL, '2011-01-03', '2011-01-03', 1, 0, 1),
(110, 'A2-OT-140', 'Development of terminal area and waste water management at CBD area', '', '', 'Banda Aceh City', '01', 7, NULL, 0, 0, 0, 0, NULL, '2011-01-03', '2011-01-03', 1, 0, 1),
(111, 'A2-WS-141', 'Construction of Water Treatment Plan (WTP) and water supply network installation.', '', '', 'Banten Province', '36', 10, NULL, 0, 0, 0, 0, NULL, '2011-01-03', '2011-01-03', 1, 0, 1),
(112, 'A2-WM-142', 'Procurement of facility and infrastructure for waste management.', '', '', 'Gianjar District', '', 6, NULL, 0, 0, 0, 0, NULL, '2011-01-03', '2011-01-03', 1, 0, 1),
(113, 'A2-WS-144', 'Development of Water supply after the landslide at Bawakaraeng', '', '', 'Makassar City', '', 10, NULL, 0, 0, 0, 0, NULL, '2011-01-03', '2011-01-03', 1, 0, 1),
(114, 'A2-OT-146', 'Construction of Graha Panca Karya', '', '', 'Maluku Province', '81', 7, NULL, 0, 0, 0, 0, NULL, '2011-01-03', '2011-01-03', 1, 0, 1),
(115, 'A2-TR-147', 'Toll Road for Cilegon-Bojonegara-Merak', '', '', 'Banten Province', '36', 5, NULL, 0, 0, 0, 0, NULL, '2011-01-03', '2011-01-03', 1, 0, 1),
(116, 'A2-TR-148', 'Toll road for Serpong-Balaraja-Tangerang district', '', '', 'Banten Province', '36', 5, NULL, 0, 0, 0, 0, NULL, '2011-01-03', '2011-01-03', 1, 0, 1),
(117, 'A1-TR-44', 'Pekanbaru - Kandis - Dumai Toll Road', 'P-033-14-0', '', 'Riau Province', '14', 5, NULL, 0, 0, 0, 0, NULL, '2011-01-03', '2011-01-03', 1, 0, 1),
(118, 'A1-TR-45', 'Palembang - Indralaya Toll Road', 'P-033-14-0', '', 'South Sumatera Province', '16', 5, NULL, 0, 0, 0, 0, NULL, '2011-01-03', '2011-01-03', 1, 0, 1),
(119, 'A1-TR-46', 'Tegineneng - Babatan Toll Road', 'P-033-14-0', '', 'Lampung - South Sumatera Province', '16', 5, NULL, 0, 0, 0, 0, NULL, '2011-01-03', '2011-01-03', 1, 0, 1),
(120, 'A1-TR-47', 'Sukabumi - Ciranjang Toll Road', 'P-033-14-0', '', 'West Java Province', '32', 5, NULL, 0, 0, 0, 0, NULL, '2011-01-03', '2011-01-03', 1, 0, 1),
(121, 'A1-TR-48', 'Pasir Koja - Soreang Toll Road', 'P-033-14-0', '', 'South Bandung, West Java Province', '32', 5, NULL, 0, 0, 0, 0, NULL, '2011-01-03', '2011-01-03', 1, 0, 1),
(122, 'A1-TR-49', 'Pandan - Malang Toll Road', 'P-033-14-0', '', 'East Java Province', '35', 5, NULL, 0, 0, 0, 0, NULL, '2011-01-03', '2011-01-03', 1, 0, 1),
(123, 'A1-TR-50', 'Serangan - Tanjung Benoa Toll Road', 'P-033-14-0', '', 'Bali Province', '51', 5, NULL, 0, 0, 0, 0, NULL, '2011-01-03', '2011-01-03', 1, 0, 1),
(124, 'A1-TR-51', 'Manado - Bitung Toll Road', 'P-033-14-0', '', 'North Sulawesi Province', '71', 5, NULL, 0, 0, 0, 0, NULL, '2011-01-03', '2011-01-03', 1, 0, 1),
(125, 'A2-WS-169', 'Medan Municipal Water Supply', 'P-033-15-0', '', 'North Sumatera', '12', 10, NULL, 0, 0, 0, 0, NULL, '2011-01-03', '2011-01-03', 1, 0, 1),
(126, 'A2-WS-170', 'Bandar Lampung Municipal Water Supply', 'P-033-15-0', '', 'Bandar Lampung', '18', 10, NULL, 0, 0, 0, 0, NULL, '2011-01-03', '2011-01-03', 1, 0, 1),
(127, 'A1-WS-52', 'DKI Jakarta - Bekasi - Karawang Water Supply', 'P-033-15-0', '', 'DKI Jakarta - West Java Province', '32', 10, NULL, 0, 0, 0, 0, NULL, '2011-01-03', '2011-01-03', 1, 0, 1),
(128, 'A2-WS-171', 'West Cikarang & Cibitung Bekasi Regency Water Supply', 'P-033-15-0', '', 'Bekasi', '32', 10, NULL, 0, 0, 0, 0, NULL, '2011-01-03', '2011-01-03', 1, 0, 1),
(129, 'A2-WS-172', 'Bandung Regency Water Supply', 'P-033-15-0', '', 'Bandung', '32', 10, NULL, 0, 0, 0, 0, NULL, '2011-01-03', '2011-01-03', 1, 0, 1),
(130, 'A2-WS-173', 'Sumedang Regency Water Supply', 'P-033-15-0', '', 'Sumedang', '32', 10, NULL, 0, 0, 0, 0, NULL, '2011-01-03', '2011-01-03', 1, 0, 1),
(131, 'A2-WS-174', 'Indramayu Regency Water Supply', 'P-033-15-0', '', 'Indramayu', '32', 10, NULL, 0, 0, 0, 0, NULL, '2011-01-03', '2011-01-03', 1, 0, 1),
(132, 'A2-WS-175', 'Cirebon Water Supply', 'P-033-15-0', '', 'Cirebon, West Java', '32', 10, NULL, 0, 0, 0, 0, NULL, '2011-01-03', '2011-01-03', 1, 0, 1),
(133, 'A2-WM-143', 'Integrated Solid Waste Final Disposal and Treatment Facility for Bogor and Depok Area - West Java', 'D-022-22-0', '', 'West Java Province', '32', 6, NULL, 0, 0, 0, 0, NULL, '2011-01-03', '2011-01-03', 1, 0, 1),
(134, 'A1-TR-04', 'Kisaran - Tebing Tinggi Toll Road', 'P-033-14-0', '', 'Kisaran and Tebing Tinggi in North Sumatera P', '12', 5, NULL, 0, 0, 0, 0, NULL, '2011-01-03', '2011-01-03', 1, 0, 1),
(135, 'A1-TR-05', 'Bukit Tinggi - PYesng Panjang - Lubuk Alung - PYesng Toll Road', 'P-033-14-0', '', 'West Sumatera Province', '13', 5, NULL, 0, 0, 0, 0, NULL, '2011-01-03', '2011-01-03', 1, 0, 1),
(136, 'A1-TR-06', 'Batu Ampar - Muka Kuning - Bandara Hang Nadim Toll Road', 'P-033-14-0', '', 'Riau Archipelago Province', '14', 5, NULL, 0, 0, 0, 0, NULL, '2011-01-03', '2011-01-03', 1, 0, 1),
(137, 'A1-TR-07', 'Terbanggi Besar - Menggala - Pematang Panggang Toll Road', 'P-033-14-0', '', 'Lampung Province', '18', 5, NULL, 0, 0, 0, 0, NULL, '2011-01-03', '2011-01-03', 1, 0, 1),
(138, 'A1-TR-08', 'Bakauheni - Terbanggi Besar Toll Road', 'P-033-14-0', '', 'Lampung Province', '18', 5, NULL, 0, 0, 0, 0, NULL, '2011-01-03', '2011-01-03', 1, 0, 1),
(139, 'A1-TR-09', 'Cilegon - Bojonegara Toll Road', 'P-033-14-0', '', 'West Java and Central Java Province', '36', 5, NULL, 0, 0, 0, 0, NULL, '2011-01-03', '2011-01-03', 1, 0, 1),
(140, 'A1-TR-10', 'Kamal - Teluk Naga - Batu Ceper Toll Road', 'P-033-14-0', '', 'Banten Province', '36', 5, NULL, 0, 0, 0, 0, NULL, '2011-01-03', '2011-01-03', 1, 0, 1),
(141, 'A1-TR-11', 'Kemayoran - Kampung Melayu Toll Road', 'P-033-14-0', '', 'DKI Jakarta Province', '31', 5, NULL, 0, 0, 0, 0, NULL, '2011-01-03', '2011-01-03', 1, 0, 1),
(142, 'A1-TR-12', 'Sunter - Rawa Buaya - Batu Ceper Toll Road', 'P-033-14-0', '', 'DKI Jakarta Province', '31', 5, NULL, 0, 0, 0, 0, NULL, '2011-01-03', '2011-01-03', 1, 0, 1),
(143, 'A1-TR-13', 'Ulujami - Tanah Abang Toll Road', 'P-033-14-0', '', 'DKI Jakarta Province', '31', 5, NULL, 0, 0, 0, 0, NULL, '2011-01-03', '2011-01-03', 1, 0, 1),
(144, 'A1-TR-14', 'Pasar Minggu - Casablanca Toll Road', 'P-033-14-0', '', 'DKI Jakarta Province', '31', 5, NULL, 0, 0, 0, 0, NULL, '2011-01-03', '2011-01-03', 1, 0, 1),
(145, 'A1-TR-15', 'Sunter - Pulo Gebang - Tembelang Toll Road', 'P-033-14-0', '', 'DKI Jakarta Province', '31', 5, NULL, 0, 0, 0, 0, NULL, '2011-01-03', '2011-01-03', 1, 0, 1),
(146, 'A1-TR-16', 'Duri Pulo - Kampung Melayu Toll Road', 'P-033-14-0', '', 'DKI Jakarta Province', '31', 5, NULL, 0, 0, 0, 0, NULL, '2011-01-03', '2011-01-03', 1, 0, 1),
(147, 'A1-TR-17', 'Tanjung Priuk Access', 'P-033-14-0', '', 'DKI Jakarta Province', '31', 5, NULL, 0, 0, 0, 0, NULL, '2011-01-03', '2011-01-03', 1, 0, 1),
(148, 'A1-TR-18', 'Terusan Pasteur - Ujung Berung - Cileunyi Toll Road', 'P-033-14-0', '', 'Bandung, West Java Province', '32', 5, NULL, 0, 0, 0, 0, NULL, '2011-01-03', '2011-01-03', 1, 0, 1),
(149, 'A1-TR-19', 'Ujung Berung - Gedebage - Majalaya Toll Road', 'P-033-14-0', '', 'West Java Province', '32', 5, NULL, 0, 0, 0, 0, NULL, '2011-01-03', '2011-01-03', 1, 0, 1),
(150, 'A1-TR-20', 'Semarang - Demak Toll Road', 'P-033-14-0', '', 'Semarang - Demak in Central Java Province', '33', 5, NULL, 0, 0, 0, 0, NULL, '2011-01-03', '2011-01-03', 1, 0, 1),
(151, 'A1-TR-21', 'Yogyakarta - Bawen Toll Road', 'P-033-14-0', '', 'Yogyakarta Province', '34', 5, NULL, 0, 0, 0, 0, NULL, '2011-01-03', '2011-01-03', 1, 0, 1),
(152, 'A1-TR-22', 'Yogyakarta - Solo Toll Road', 'P-033-14-0', '', 'Yogyakarta and Solo in Centre Java', '34', 5, NULL, 0, 0, 0, 0, NULL, '2011-01-03', '2011-01-03', 1, 0, 1),
(153, 'A1-TR-23', 'Bandara Juanda - Tanjung Perak Toll Road', 'P-033-14-0', '', 'Surabaya Municipality, East Java Province', '35', 5, NULL, 0, 0, 0, 0, NULL, '2011-01-03', '2011-01-03', 1, 0, 1),
(154, 'A1-TR-24', 'Probolinggo - Banyuwangi Toll Road', 'P-033-14-0', '', 'East Java Province', '35', 5, NULL, 0, 0, 0, 0, NULL, '2011-01-03', '2011-01-03', 1, 0, 1),
(155, 'A1-AP-26', 'Sentani Airport', 'D-022-05-0', '', 'Jayapura, Papua Province', '92', 3, NULL, 0, 0, 0, 0, NULL, '2011-01-03', '2011-01-03', 1, 0, 1),
(156, 'A1-AP-27', 'Juwata Tarakan Airport', 'D-022-05-0', '', 'Tarakan Municipal, East Kalimantan Province', '64', 3, NULL, 0, 0, 0, 0, NULL, '2011-01-03', '2011-01-03', 1, 0, 1),
(157, 'A1-SP-28', 'Bojonegara - Ketapang (Jawa - Sumatera ) Ferry Terminal', 'P-022-03-0', '', 'Serang Regancy in Banten Province and South L', '36', 1, NULL, 0, 0, 0, 0, NULL, '2011-01-03', '2011-01-03', 1, 0, 1),
(158, 'A1-SP-29', 'Bojonegara Port', 'P-022-04-0', '', 'Banten Province', '36', 1, NULL, 0, 0, 0, 0, NULL, '2011-01-03', '2011-01-03', 1, 0, 1),
(159, 'A2-SP-149', 'Expansion of Kumai Port, Kotawaringin Barat Regency', 'D-022-04-0', '', 'Central Kalimantan Province', '62', 1, NULL, 0, 0, 0, 0, NULL, '2011-01-03', '2011-01-03', 1, 0, 1),
(160, 'A2-SP-150', 'Development Lupak Dalam Port', 'D-022-04-0', '', 'Central Kalimantan Province', '62', 1, NULL, 0, 0, 0, 0, NULL, '2011-01-03', '2011-01-03', 1, 0, 1),
(161, 'A2-SP-151', 'Expansion of Teluk Sigintung Port', 'D-022-04-0', '', 'Seruyan Regency, Central Kalimantan Province', '62', 1, NULL, 0, 0, 0, 0, NULL, '2011-01-03', '2011-01-03', 1, 0, 1),
(162, 'A2-SP-152', 'Expansion of Anjir Kelampan and Anjir Serampan Canal', 'D-022-08-0', '', 'Central Kalimantan Province', '62', 1, NULL, 0, 0, 0, 0, NULL, '2011-01-03', '2011-01-03', 1, 0, 1),
(163, 'A1-RW-30', 'Kualanamu Airport Railway Development', 'D-022-08-0', '', 'North Sumatera Province', '12', 4, NULL, 0, 0, 0, 0, NULL, '2011-01-03', '2011-01-03', 1, 0, 1),
(164, 'A1-RW-31', 'West Sumatera Railway', 'D-022-08-0', '', 'West Sumatera Province', '13', 4, NULL, 0, 0, 0, 0, NULL, '2011-01-03', '2011-01-03', 1, 0, 1),
(165, 'A1-RW-32', 'Simpang - Tanjung Api-Api Railway', 'D-022-08-0', '', 'South Sumatera Province', '16', 4, NULL, 0, 0, 0, 0, NULL, '2011-01-03', '2011-01-03', 1, 0, 1),
(166, 'A1-RW-33', 'Tanjung Enim - Batu Raja Railway', 'D-022-08-0', '', 'South Sumatera Province', '16', 4, NULL, 0, 0, 0, 0, NULL, '2011-01-03', '2011-01-03', 1, 0, 1),
(167, 'A1-RW-34', 'Lahat - Kertapati Railway', 'D-022-08-0', '', 'South Sumatera Province', '16', 4, NULL, 0, 0, 0, 0, NULL, '2011-01-03', '2011-01-03', 1, 0, 1),
(168, 'A1-RW-35', 'Railway Facility - Blue and Green Line (Jakarta Monorail)', 'P-022-08-0', '', 'DKI Jakarta Province', '31', 4, NULL, 0, 0, 0, 0, NULL, '2011-01-03', '2011-01-03', 1, 0, 1),
(169, 'A2-RW-153', 'Gedebage, Bandung Munacipal, Integrated Terminal Railway', 'D-022-08-0', '', 'Gedebage, Bandung Munacipal', '32', 4, NULL, 0, 0, 0, 0, NULL, '2011-01-03', '2011-01-03', 1, 0, 1),
(170, 'A2-RW-154', 'Bangkuang - Lupak Dalam Railway', 'D-022-08-0', '', 'Central Kalimantan Province', '62', 4, NULL, 0, 0, 0, 0, NULL, '2011-01-03', '2011-01-03', 1, 0, 1),
(171, 'A2-RW-155', 'Kudangan - Kumai Railway', 'D-022-08-0', '', 'Central Kalimantan Province', '62', 4, NULL, 0, 0, 0, 0, NULL, '2011-01-03', '2011-01-03', 1, 0, 1),
(172, 'A2-RW-156', 'Puruk Cahu - Kuala Pembuang Railway', 'D-022-08-0', '', 'Central Kalimantan Province', '62', 4, NULL, 0, 0, 0, 0, NULL, '2011-01-03', '2011-01-03', 1, 0, 1),
(173, 'A2-RW-157', 'Tumbang Samba - Nanga Bulk Railway', 'D-022-08-0', '', 'Central Kalimantan Province', '62', 4, NULL, 0, 0, 0, 0, NULL, '2011-01-03', '2011-01-03', 1, 0, 1),
(174, 'A2-RW-158', 'Kuala Kurun - Palangkaraya - Pulang Pisau - Kuala Kapuas Railway', 'D-022-08-0', '', 'Central Kalimantan Province', '62', 4, NULL, 0, 0, 0, 0, NULL, '2011-01-03', '2011-01-03', 1, 0, 1),
(175, 'A1-RW-36', 'East Kalimantan Railway (Puruk Cahu - Balikpapan)', 'D-022-08-0', '', 'East Kalimantan Province', '64', 4, NULL, 0, 0, 0, 0, NULL, '2011-01-03', '2011-01-03', 1, 0, 1),
(176, 'A2-WS-159', 'Pondok Gede, Bekasi Municipal, Water Supply', 'P-033-15-0', '', 'Pondok Gede, Jati Asih, Bekasi', '32', 10, NULL, 0, 0, 0, 0, NULL, '2011-01-03', '2011-01-03', 1, 0, 1),
(177, 'A2-WS-160', 'Surakarta - Sukoharjo, Central Java Province Water Supply', 'P-033-15-0', '', 'Surakarta Municipal', '33', 10, NULL, 0, 0, 0, 0, NULL, '2011-01-03', '2011-01-03', 1, 0, 1),
(178, 'A2-WS-161', 'Klungkung Regency (Tukad Unda) Water Supply', 'P-033-15-0', '', 'Klungkung Regency, Bali Province', '51', 10, NULL, 0, 0, 0, 0, NULL, '2011-01-03', '2011-01-03', 1, 0, 1),
(179, 'A2-WS-13', 'Maros Regency Water Supply', 'P-033-15-0', '', 'Maros Regency, South Sulawesi Province', '73', 10, NULL, 0, 0, 0, 0, NULL, '2011-01-03', '2011-01-03', 1, 0, 1),
(180, 'A2-WS-162', 'West Bandung (Alternative I) Water Conveyance', 'P-033-15-0', '', 'West Java, West Bandung District', '32', 10, NULL, 0, 0, 0, 0, NULL, '2011-01-03', '2011-01-03', 1, 0, 1),
(181, 'A2-WS-163', 'West Bandung (Alternative II) Water Conveyance', 'P-033-15-0', '', 'West Java, West Bandung District', '32', 10, NULL, 0, 0, 0, 0, NULL, '2011-01-03', '2011-01-03', 1, 0, 1),
(182, 'A2-WS-164', 'East Bandung (Alternative I) Water Conveyance', 'P-033-15-0', '', 'West Java, East Bandung District', '32', 10, NULL, 0, 0, 0, 0, NULL, '2011-01-03', '2011-01-03', 1, 0, 1),
(183, 'A2-WS-165', 'East Bandung (Alternative II) Water Conveyance', 'P-033-15-0', '', 'West Java, East Bandung District', '32', 10, NULL, 0, 0, 0, 0, NULL, '2011-01-03', '2011-01-03', 1, 0, 1),
(184, 'A2-WS-166', 'Semarang (Alternative I) Water Conveyance', 'P-033-15-0', '', 'Central Java Province, Semarang District', '33', 10, NULL, 0, 0, 0, 0, NULL, '2011-01-03', '2011-01-03', 1, 0, 1),
(185, 'A2-WS-167', 'Semarang (Alternative II) Water Conveyance', 'P-033-15-0', '', 'Central Java Province, Semarang District', '33', 10, NULL, 0, 0, 0, 0, NULL, '2011-01-03', '2011-01-03', 1, 0, 1),
(186, 'A2-WS-168', 'Semarang (Alternative III) Water Conveyance', 'P-033-15-0', '', 'Central Java Province, Semarang District', '33', 10, NULL, 0, 0, 0, 0, NULL, '2011-01-03', '2011-01-03', 1, 0, 1),
(187, 'A1-EN-37', 'New North Sumatera Coal Fired Steam Power Plant (2x200MW)', 'B-020-05-0', '', 'North Sumatera Province', '12', 9, NULL, 0, 0, 0, 0, NULL, '2011-01-03', '2011-01-03', 1, 0, 1),
(188, 'A1-EN-38', 'South Sulawesi New Coal Fired Steam Power Plant (200MW)', 'B-020-05-0', '', 'South Sulawesi Province', '73', 9, NULL, 0, 0, 0, 0, NULL, '2011-01-03', '2011-01-03', 1, 0, 1),
(189, 'A1-EN-39', 'North Sulawesi Coal Fired Steam Power Plant (2x55MW)', 'B-020-14-0', '', 'North Sulawesi Province', '71', 9, NULL, 0, 0, 0, 0, NULL, '2011-01-03', '2011-01-03', 1, 0, 1),
(190, 'A1-EN-40', 'North Sulawesi Coal Fired Steam Power Plant (55MW)', 'B-020-05-0', '', 'North Sulawesi Province', '71', 9, NULL, 0, 0, 0, 0, NULL, '2011-01-03', '2011-01-03', 1, 0, 1),
(191, 'A1-EN-41', 'North Sumatera (Infrastructure) 2X100 MW', 'B-020-05-0', '', 'North Sumatera Province', '12', 9, NULL, 0, 0, 0, 0, NULL, '2011-01-03', '2011-01-03', 1, 0, 1),
(192, 'A1-EN-42', 'Sumatera Mine Mouth HVDC Coal Fired Steam Power Plant (2x200MW)', 'B-020-05-0', '', 'South Sumatera Province', '16', 9, NULL, 0, 0, 0, 0, NULL, '2011-01-03', '2011-01-03', 1, 0, 1),
(193, 'A1-EN-43', 'East Kalimantan (Infrastructure)Coal Fired Steam Power Plant (2x65MW)', 'B-020-05-0', '', 'East Kalimantan Province', '64', 9, NULL, 0, 0, 0, 0, NULL, '2011-01-03', '2011-01-03', 1, 0, 1),
(194, 'A1-TR-53', 'Medan - Binjai Toll Road', 'P-033-14-0', '', 'North Sumatra Province', '12', 5, NULL, 0, 0, 0, 0, NULL, '2011-01-03', '2011-01-03', 1, 0, 1),
(195, 'A1-TR-54', 'Medan - Kualanamu - Tebing Tinggi Toll Road', 'P-033-14-0', '', 'North Sumatra Province', '12', NULL, NULL, 0, 0, 0, 0, NULL, '2011-01-03', '2011-01-03', 1, 0, 1),
(196, 'A1-TR-55', 'Cileunyi - Sumedang - Dawuan Toll Road', 'P-033-14-0', '', 'West  Java  Province', '32', 5, NULL, 0, 0, 0, 0, NULL, '2011-01-03', '2011-01-03', 1, 0, 1),
(197, 'A1-EN-56', 'Central Java Coal Fired Steam Power Plan (Up to 2000MW)', 'P-033-14-0', '', 'Pemalang Regency, Central Java Province', '33', 9, NULL, 0, 0, 0, 0, NULL, '2011-01-03', '2011-01-03', 1, 0, 1),
(198, 'A2-SP-177', 'Construction and Development of Lupak Dalam Sea Port, Kapuas Regency.', '', '', 'Kapuas Regency.', '62', 1, NULL, 0, 0, 0, 0, NULL, '2011-01-03', '2011-01-03', 1, 0, 1),
(199, 'A2-SP-178', 'Development of Kumai Sea Port, Kobar Regency.', '', '', 'Kobar Regency.', '62', 1, NULL, 0, 0, 0, 0, NULL, '2011-01-03', '2011-01-03', 1, 0, 1),
(200, 'A2-SP-179', 'Development of Teluk Signitung Sea Port, Seruyan Regency.', '', '', 'Seruyan Regency', '62', 1, NULL, 0, 0, 0, 0, NULL, '2011-01-03', '2011-01-03', 1, 0, 1),
(201, 'A2-SP-180', 'Development/dreging of Anjir Kelampan at Pulang Pisau 14 km, Kapuas Regency 28 km.', '', '', 'Kapuas Regency', '62', 1, NULL, 0, 0, 0, 0, NULL, '2011-01-03', '2011-01-03', 1, 0, 1),
(202, 'A2-TR-181', 'Construction of Batam-Bintan Toll Bridge, 6,7 km.', '', '', 'Batam-Bintan', '21', 5, NULL, 0, 0, 0, 0, NULL, '2011-01-03', '2011-01-03', 1, 0, 1),
(203, 'A2-MK-182', 'Construction of Modern Grocery Market.', '', '', 'Lubuklinggau City South Sumatera', '16', 8, NULL, 0, 0, 0, 0, NULL, '2011-01-03', '2011-01-03', 1, 0, 1),
(204, 'A2-SP-183', 'Logistic, Port, Industrial Park, Power Plant', '', '', 'Sorong City Papua Barat Province', '91', 1, NULL, 0, 0, 0, 0, NULL, '2011-01-03', '2011-01-03', 1, 0, 1),
(205, 'A2-RW-184', 'Jakarta Monorail Project', '', '', 'DKI Province', '31', 4, NULL, 0, 0, 0, 0, NULL, '2011-01-03', '2011-01-03', 1, 0, 1),
(206, 'A2-OT-185', 'Integrated Transportation Connection, Bojonegara Area.', '', '', 'Banten Province', '36', 7, NULL, 0, 0, 0, 0, NULL, '2011-01-03', '2011-01-03', 1, 0, 1),
(207, 'A2-SP-186', 'Kendal Regency Port/Terminal', '', '', 'Kendal Regency Central Java Province', '33', 1, NULL, NULL, NULL, 0, 0, NULL, '2011-01-03', '2011-01-03', 1, 0, 1),
(208, 'A2-BT-187', 'TerminalInduk desa Mpanau kec. Sigi Biromaru', '', '', 'Kabupaten Sigi', '72', 2, NULL, 0, 0, 0, 0, NULL, '2011-01-03', '2011-01-03', 1, 0, 1),
(209, 'A2-MK-188', 'Pasar Induk Biromaru desa Mpanau kec. Sigi Biromaru', '', '', 'Kabupaten Sigi', '72', 8, NULL, 0, 0, 0, 0, NULL, '2011-01-03', '2011-01-03', 1, 0, 1),
(210, 'A2-WM-66', 'Pengelolaan Sampah', '', '', 'Sidooarjo Regency', '35', 6, NULL, 0, 0, 0, 0, NULL, '2011-01-03', '2011-01-03', 1, 0, 1),
(211, 'C1-AS-01', 'Procurement and Administrative Service (PAS)', '', '', NULL, '31', NULL, NULL, NULL, NULL, 0, 0, NULL, '2011-01-03', '2011-01-03', 1, 0, 1),
(212, 'B1-AT-01', 'Technical Advisory Service (TAS)', '', '', NULL, '', NULL, NULL, NULL, NULL, 0, 0, NULL, '2011-01-03', '2011-01-03', 1, 0, 1),
(213, 'B2-PD-03', 'PDF Policy Study', '', '', NULL, '', NULL, NULL, NULL, NULL, 0, 0, NULL, '2011-01-03', '2011-01-03', 1, 0, 1),
(214, 'B3-SC-04', 'PPP Training at Washington DC', '', '', NULL, '', NULL, NULL, NULL, NULL, 0, 0, NULL, '2011-01-03', '2011-01-03', 1, 0, 1),
(215, 'B3-SC-05', 'Self Managed Contract on Training International<br> Housing Finance  (Budi Hidayat and Kuswardono)', '', '', NULL, '', NULL, NULL, NULL, NULL, 0, 0, NULL, '2011-01-03', '2011-01-03', 1, 0, 1),
(216, 'B3-EO-06', 'Event Organization for Sponsored Seminar ADB''s Annual Meeting 2009', '', '', NULL, '', NULL, NULL, NULL, NULL, 0, 0, NULL, '2011-01-03', '2011-01-03', 1, 0, 1),
(217, 'B4-IC-08', 'Junior Legal Advisor 1 (Boy Aditya)', '', '', NULL, '', NULL, NULL, NULL, NULL, 0, 0, NULL, '2011-01-03', '2011-01-03', 1, 0, 1),
(218, 'B4-IC-07', 'Executive Secretary (Kawik Sugiana)', '', '', NULL, '', NULL, NULL, NULL, NULL, 0, 0, NULL, '2011-01-03', '2011-01-03', 1, 0, 1),
(219, 'B4-IC-09', 'Junior Legal Advisor 2 (Delano Dalo)', '', '', NULL, '', NULL, NULL, NULL, NULL, 0, 0, NULL, '2011-01-03', '2011-01-03', 1, 0, 1),
(220, 'B4-IC-10', 'IT Specialist (Reko Kurniawan)', '', '', NULL, '', NULL, NULL, NULL, NULL, 0, 0, NULL, '2011-01-03', '2011-01-03', 1, 0, 1),
(221, 'A2-WM-176', 'Wasted Based Power plant (PLTSa)', '', '', 'Bandung City', '32', 6, NULL, 0, 0, 0, 0, NULL, '2011-01-03', '2011-01-03', 1, 0, 1),
(222, '123/123/12', 'Parung Kuda Outer Ring Road', '123', 'PT. Abiyasa Raya Twenty', 'Sukabumi', '12', 5, NULL, 1, 1, 1, 1, '2011-01-01', '2011-01-11', NULL, 1, 0, 0),
(223, '123/sss/42', 'Parung Kuda Outer Ring Road', '123', 'PT. Abiyasa Raya Twenty', 'Sukabumi', '12', 1, NULL, 1, 1, 1, 1, '2011-01-01', '2011-01-11', NULL, 1, 0, 0),
(224, '123/456/78', 'Parung Kuda Outer Ring Road', '123', 'PT. Abiyasa Raya Twenty', 'Bogor', '36', 3, NULL, 1, 1, 1, 1, '2011-02-03', '2011-02-03', NULL, 1, 0, 0);

--
-- Dumping data for table `proj_flow`
--

INSERT INTO `proj_flow` (`idproj_flow`, `kegiatan`, `tgl_rencana`, `pic`, `status`, `idproject_profile`, `idref_status`) VALUES
(1, '', '2011-01-04', 0, 'done', 1, 1),
(2, '', '2011-01-04', 0, 'done', 1, 2),
(3, '', '2011-01-07', 0, 'on going', 1, 3),
(4, '', '2011-01-04', 0, 'done', 2, 1),
(5, '', '0000-00-00', 0, 'done', 2, 2),
(6, '', '2011-01-04', 0, 'on going', 2, 3),
(7, '', '2011-01-05', 0, 'done', 3, 1),
(8, '', '2011-01-06', 0, 'done', 3, 2),
(9, '', '2011-01-06', 0, 'on going', 3, 3),
(10, '', '2011-01-11', 0, 'on going', 222, 1),
(11, '', '2011-01-11', 0, 'on going', 223, 1),
(12, '', '2011-02-03', 0, 'on going', 224, 1);

--
-- Dumping data for table `proj_flow_status`
--

INSERT INTO `proj_flow_status` (`idproj_flow_status`, `idproj_flow`, `idpic`, `status`) VALUES
(1, 1, 1, 'done'),
(2, 1, 3, 'done'),
(3, 2, 1, 'done'),
(4, 2, 3, 'done'),
(5, 3, 1, 'on going'),
(6, 3, 3, 'on going'),
(7, 4, 1, 'done'),
(8, 4, 3, 'done'),
(9, 5, 1, 'done'),
(10, 5, 3, 'done'),
(11, 6, 1, 'done'),
(12, 6, 3, 'done'),
(13, 7, 1, 'done'),
(14, 7, 3, 'done'),
(15, 8, 1, 'done'),
(16, 8, 3, 'done'),
(17, 9, 1, 'on going'),
(18, 9, 3, 'done'),
(19, 10, 1, 'on going'),
(20, 10, 3, 'on going'),
(21, 11, 1, 'on going'),
(22, 11, 3, 'on going'),
(23, 12, 1, 'on going'),
(24, 12, 3, 'on going');

--
-- Dumping data for table `ref_kegiatan`
--


--
-- Dumping data for table `ref_kontrak`
--

INSERT INTO `ref_kontrak` (`idref_kontrak`, `detil_status`, `next_step`) VALUES
(1, 'Kontrak Step #1', 2),
(2, 'Kontrak Step #2', 3),
(3, 'Kontrak Step #3', 4),
(4, 'Kontrak Step #4', 0),
(5, '', 6),
(6, '', 7),
(7, '', 0),
(8, 'Kontrak step #1', 9),
(9, 'Kontrak step #2', 10),
(10, 'Kontrak step #3', 11),
(11, 'Kontrak step #4', 0);

--
-- Dumping data for table `ref_required`
--


--
-- Dumping data for table `ref_status`
--

INSERT INTO `ref_status` (`idref_status`, `tahap`, `status`, `id_detil`, `detil_status`, `kode_status`, `formulir`, `idpic`, `next_step`, `kontrak_step`, `laporan_flag`) VALUES
(1, '1', '1', 1, 'Identifikasi  Proyek Kerjasama', 'REN001', '0', '1', 9, 0, 23),
(2, '1', '1', 2, 'Pemilihan Proyek Kerjasama', 'REN002', NULL, '1', 3, 0, 0),
(3, '1', '1', 3, 'Penetapan Prioritas Proyek Kerjasama', 'REN003', '0', '1', 4, 1, 0),
(4, '1', '1', 4, 'Capacity Building & Training for PPP Team of LG', 'REN004', NULL, '1', 0, 0, 0),
(5, '2', '1', 1, 'PMU informs TAS/PAS to prepare draft TOR Tender PraFS', 'QTFS001', NULL, '1', 6, 0, 0),
(6, '2', '1', 2, 'TAS /PAS Submits Draft TOR Tender PraFS to PMU for Approval', 'QTFS002', NULL, '1', 7, 0, 0),
(7, '2', '1', 3, 'PMU requests approval of draft TOR Tender PraFS from LG  ', 'QTFS003', NULL, '1', 8, 0, 0),
(8, '2', '1', 4, 'PMU receives approval of draft TOR Tender PraFS from LG', 'QTFS004', NULL, '1', 9, 0, 0),
(9, '2', '1', 5, 'PMU Memberitahukan kepada konsultan PAS untuk mempersiapkan dokumen Tender PraFS yaitu draft iklan, draft REOI, draft RFP (FTP/STP) dan draft kriteria evaluasi', 'QTFS005', NULL, '1', 10, 0, 0),
(10, '2', '1', 6, 'Persiapan draft iklan, REOI, RFP (FTP/STP) dan Kriteria Evaluasi (Copy TOR dari PMU)', 'QTFS006', NULL, '1', 11, 0, 0),
(11, '2', '1', 7, 'PMU mengirimkan draft iklan, REOI, RFP (FTP/STP) dan Kriteria Evaluasi (Copy TOR dari PMU) ke ADB', 'QTFS007', NULL, '1', 12, 0, 1),
(12, '2', '1', 8, 'Persetujuan (NOL) ADB terhadap Dokumen Tender', 'QTFS008', NULL, '1', 13, 0, 2),
(13, '2', '1', 9, 'Perbaikan Draft dokumen tersebut diatas (bila diminta ADB)', 'QTFS009', NULL, '1', 14, 0, 0),
(14, '2', '1', 10, 'PMU meminta Panitia untuk Memulai Proses REOI', 'QTFS010', NULL, '1', 15, 0, 0),
(15, '2', '1', 11, 'Pemasangan Iklan REOI', 'QTFS011', NULL, '1', 16, 0, 3),
(16, '2', '1', 12, 'Penerimaan dokumen EOI dari konsultan yang berminat', 'QTFS012', NULL, '1', 17, 1, 4),
(17, '2', '1', 13, 'Pembukaan dokumen EOI', 'QTFS013', NULL, '1', 18, 0, 0),
(18, '2', '1', 14, 'Evaluasi dokumen EOI', 'QTFS014', NULL, '1', 19, 0, 5),
(19, '2', '1', 15, 'Panitia membuat Laporan Hasil Evaluasi Dokumen EOI & disampaikan ke PMU ', 'QTFS015', NULL, '1', 20, 0, 0),
(20, '2', '1', 16, 'Pengiriman Laporan Hasil Evaluasi (disertai Draft RFP jika ada Revisi) ke ADB', 'QTFS016', NULL, '1', 21, 0, 0),
(21, '2', '1', 17, 'Persetujuan (NOL) ADB atas Hasil Evaluasi  EOI', 'QTFS017', NULL, '1', 22, 0, 6),
(22, '2', '1', 18, 'Perbaikan RFP (jika diminta ADB)', 'QTFS018', NULL, '1', 23, 0, 0),
(23, '2', '1', 19, 'PMU meminta Panitia untuk Memulai Proses Pengadaan selanjutnya', 'QTFS019', NULL, '1', 24, 0, 0),
(24, '2', '1', 20, 'Penerbitan RFP (FTP/STP) kepada konsultan shortlist', 'QTFS020', NULL, '1', 25, 0, 7),
(25, '2', '1', 21, 'Aanwijzing', 'QTFS021', NULL, '1', 26, 0, 8),
(26, '2', '1', 22, 'Klarifikasi pertanyaan dari konsultan (Bila ada)', 'QTFS022', NULL, '1', 27, 0, 0),
(27, '2', '1', 23, 'Penerimaan Sampul proposal Teknis dan Biaya', 'QTFS023', NULL, '1', 28, 0, 9),
(28, '2', '1', 24, 'Pembukaan Secara Umum  Sampul proposal Teknis', 'QTFS024', NULL, '1', 29, 0, 0),
(29, '2', '1', 25, 'Evaluasi proposal teknis', 'QTFS025', NULL, '1', 30, 0, 10),
(30, '2', '1', 26, 'Panitia membuat Laporan Hasil Evaluasi proposal teknis kepada PMU ', 'QTFS026', NULL, '1', 31, 0, 0),
(31, '2', '1', 27, 'PMU mengirimkan Laporan Hasil Evaluasi proposal teknis ke ADB', 'QTFS027', NULL, '1', 32, 0, 0),
(32, '2', '1', 28, 'Persetujuan (NOL) ADB atas Hasil Evaluasi Teknis', 'QTFS028', NULL, '1', 33, 0, 11),
(33, '2', '1', 29, 'PMU Meminta Panitia untuk Memulai Proses Selanjutnya', 'QTFS029', NULL, '1', 34, 0, 0),
(34, '2', '1', 30, 'Pembukaan Secara Umum  Sampul proposal Biaya', 'QTFS030', NULL, '1', 35, 0, 12),
(35, '2', '1', 31, 'Evaluasi proposal Biaya dan Menghitung Jumlah Skor TP dan FP', 'QTFS031', NULL, '1', 36, 0, 0),
(36, '2', '1', 32, 'Panitia Menyampaikan Laporan Hasil Evaluasi Proposal dan menyampaikan peringkat konsultan kepada PMU', 'QTFS032', NULL, '1', 37, 0, 0),
(37, '2', '1', 33, 'Pengiriman Laporan Hasil Evaluasi Proposal dan menyampaikan peringkat konsultan kepada ADB', 'QTFS033', NULL, '1', 38, 0, 0),
(38, '2', '1', 34, 'Persetujuan (NOL) ADB atas Peringkat Konsultan', 'QTFS034', NULL, '1', 39, 0, 13),
(39, '2', '1', 35, 'Pemberitahuan kepada Panitia untuk Memulai Proses Selanjutnya', 'QTFS035', NULL, '1', 40, 0, 0),
(40, '2', '1', 36, 'Pengumuman pemenang', 'QTFS036', NULL, '1', 41, 0, 0),
(41, '2', '1', 37, 'Membuat Surat Tanggapan terhadap Sanggahan (jika ada)', 'QTFS037', NULL, '1', 42, 0, 0),
(42, '2', '1', 38, 'Klarifikasi dan negosiasi draft kontrak dengan konsultan pemenang', 'QTFS038', NULL, '1', 43, 0, 14),
(43, '2', '1', 39, 'Panitia membuat Laporan Hasil Negosiasi & Draft Kontrak berdasarkan hasil negosiasi', 'QTFS039', NULL, '1', 44, 0, 0),
(44, '2', '1', 40, 'PMU mengirimkan draft Kontrak ke ADB', 'QTFS040', NULL, '1', 45, 0, 0),
(45, '2', '1', 41, 'Persetujuan (NOL) ADB terhadap Draft Kontrak', 'QTFS041', NULL, '1', 79, 0, 15),
(46, '2', '2', 1, 'PMU informs TAS/PAS to prepare draft TOR Tender PraFS', 'CTFS001', NULL, '1', 47, 0, 0),
(47, '2', '2', 2, 'TAS/PAS Submits Draft TOR Tender PraFS to PMU for Approval', 'CTFS002', NULL, '1', 48, 1, 0),
(48, '2', '2', 3, 'PMU requests approval of draft TOR from LG  ', 'CTFS003', NULL, '1', 49, 0, 0),
(49, '2', '2', 4, 'PMU receives approval of draft TOR from LG', 'CTFS004', NULL, '1', 50, 0, 0),
(50, '2', '2', 5, 'PMU Memberitahukan kepada konsultan PAS untuk mempersiapkan dokumen tender yaitu draft iklan, draft REOI, draft RFP (STP) dan draft kriteria evaluasi', 'CTFS005', NULL, '1', 51, 0, 0),
(51, '2', '2', 6, 'Persiapan draft iklan, REOI, RFP (STP) dan Kriteria Evaluasi (Copy TOR dari PMU)', 'CTFS006', NULL, '1', 52, 0, 0),
(52, '2', '2', 7, 'PMU mengirimkan draft iklan, REOI, RFP (STP) dan Kriteria Evaluasi (Copy TOR dari PMU) ke ADB', 'CTFS007', NULL, '1', 53, 0, 0),
(53, '2', '2', 8, 'Persetujuan (NOL) ADB', 'CTFS008', NULL, '1', 54, 0, 0),
(54, '2', '2', 9, 'Perbaikan Draft dokumen tersebut diatas (bila diminta ADB)', 'CTFS009', NULL, '1', 55, 0, 0),
(55, '2', '2', 10, 'PMU meminta Panitia untuk Memulai Proses REOI', 'CTFS010', NULL, '1', 56, 0, 0),
(56, '2', '2', 11, 'Pemasangan Iklan REOI', 'CTFS011', NULL, '1', 57, 0, 0),
(57, '2', '2', 12, 'Penerimaan dokumen EOI dari konsultan yang berminat', 'CTFS012', NULL, '1', 58, 0, 0),
(58, '2', '2', 13, 'Pembukaan dokumen EOI', 'CTFS013', NULL, '1', 59, 0, 0),
(59, '2', '2', 14, 'Evaluasi dokumen EOI', 'CTFS014', NULL, '1', 60, 0, 0),
(60, '2', '2', 15, 'Panitia membuat Laporan Hasil Evaluasi Dokumen EOI & disampaikan ke PMU ', 'CTFS015', NULL, '1', 61, 0, 0),
(61, '2', '2', 16, 'Pengiriman Laporan Hasil Evaluasi (disertai Draft RFP jika ada Revisi) ke ADB', 'CTFS016', NULL, '1', 62, 0, 0),
(62, '2', '2', 17, 'Persetujuan (NOL) ADB atas Hasil Evaluasi  EOI', 'CTFS017', NULL, '1', 63, 0, 0),
(63, '2', '2', 18, 'Perbaikan RFP (jika diminta ADB)', 'CTFS018', NULL, '1', 64, 0, 0),
(64, '2', '2', 19, 'PMU meminta Panitia untuk Memulai Proses Pengadaan selanjutnya', 'CTFS019', NULL, '1', 65, 0, 0),
(65, '2', '2', 20, 'Penerbitan RFP (STP) kepada konsultan  PeringkatSatu', 'CTFS020', NULL, '1', 66, 0, 0),
(66, '2', '2', 21, 'Klarifikasi pertanyaan dari konsultan Peringkat Satu (bila ada)', 'CTFS021', NULL, '1', 67, 0, 0),
(67, '2', '2', 22, 'Penerimaan Sampul proposal Teknis dan Biaya', 'CTFS022', NULL, '1', 68, 0, 0),
(68, '2', '2', 23, 'Evaluasi proposal teknis dan Biaya', 'CTFS023', NULL, '1', 69, 0, 0),
(69, '2', '2', 24, 'Pemberitahuan kepada Konsultan Peringkat Satu untuk memulai Klarifikasi dan negosiasi draft kontrak', 'CTFS024', NULL, '1', 70, 0, 0),
(70, '2', '2', 25, 'Klarifikasi dan negosiasi draft kontrak dengan konsultan Peringkat Satu', 'CTFS025', NULL, '1', 71, 0, 0),
(71, '2', '2', 26, 'Panitia membuat Laporan Hasil Negosiasi & Draft Kontrak berdasarkan hasil negosiasi', 'CTFS026', NULL, '1', 72, 0, 0),
(72, '2', '2', 27, 'PMU mengirimkan draft Kontrak ke ADB', 'CTFS027', NULL, '1', 73, 0, 0),
(73, '2', '2', 28, 'Persetujuan (NOL) ADB terhadap Draft Kontrak', 'CTFS028', NULL, '1', 74, 0, 0),
(74, '2', '2', 29, 'Pengumuman Pemenang', 'CTFS029', NULL, '1', 75, 0, 0),
(75, '2', '2', 30, 'Membuat Surat Tanggapan terhadap Sanggahan (jika ada)', 'CTFS030', NULL, '1', 76, 0, 0),
(76, '2', '2', 31, 'Tanda Tangan Kontrak', 'CTFS031', NULL, '1', 77, 0, 0),
(77, '2', '2', 32, 'Pengiriman Kontrak Tertanda Tangan ke ADB', 'CTFS032', NULL, '1', 78, 0, 0),
(78, '2', '2', 33, 'Persetujuan (NOL) ADB  dengan penerbitan Nomor PCSS', 'CTFS033', NULL, '1', 82, 0, 0),
(79, '2', '3', 1, 'Tanda Tangan Kontrak', 'QTFS042', NULL, '1', 80, 0, 0),
(80, '2', '3', 2, 'Pengiriman Kontrak Tertanda Tangan ke ADB', 'QTFS043', NULL, '1', 81, 0, 0),
(81, '2', '3', 3, 'Persetujuan (NOL) ADB  dengan penerbitan Nomor PCSS', 'QTFS044', NULL, '1', 82, 0, 16),
(82, '2', '4', 1, 'Prepare OBC for TAC Procurement', 'OBC001', NULL, '1', 83, 0, 0),
(83, '2', '5', 1, 'Prepare Project Readyness Report', 'PRR001', NULL, '1', 0, 0, 0),
(84, '3', '1', 1, 'PMU conducts pre-market Sounding ', 'QPTR001', NULL, '1', 85, 0, 0),
(85, '3', '1', 2, 'PMU informs TAS/PAS to prepare draft TOR Tender Transaction', 'QPTR002', NULL, '1', 86, 0, 0),
(86, '3', '1', 3, 'TAS /PAS Submits Draft TOR Tender Transaction to PMU for Approval', 'QPTR003', NULL, '1', 87, 0, 0),
(87, '3', '1', 4, 'PMU requests approval of draft TOR Tender Transactionfrom LG  ', 'QPTR004', NULL, '1', 88, 0, 0),
(88, '3', '1', 5, 'PMU receives approval of draft TOR Tender Transaction from LG', 'QPTR005', NULL, '1', 89, 0, 0),
(89, '3', '1', 6, 'PMU Memberitahukan kepada konsultan PAS untuk mempersiapkan dokumen Tender Transaction yaitu draft iklan, draft REOI, draft RFP (FTP/STP) dan draft kriteria evaluasi', 'QPTR006', NULL, '1', 90, 0, 0),
(90, '3', '1', 7, 'Persiapan draft iklan, REOI, RFP (FTP/STP) dan Kriteria Evaluasi (Copy TOR dari PMU)', 'QPTR007', NULL, '1', 91, 0, 0),
(91, '3', '1', 8, 'PMU mengirimkan draft iklan, REOI, RFP (FTP/STP) dan Kriteria Evaluasi (Copy TOR dari PMU) ke ADB', 'QPTR008', NULL, '1', 92, 0, 0),
(92, '3', '1', 9, 'Persetujuan (NOL) ADB terhadap Dokumen Tender Transaction', 'QPTR009', NULL, '1', 93, 0, 0),
(93, '3', '1', 10, 'Perbaikan Draft dokumen tersebut diatas (bila diminta ADB)', 'QPTR010', NULL, '1', 94, 0, 0),
(94, '3', '1', 11, 'PMU meminta Panitia untuk Memulai Proses REOI', 'QPTR011', NULL, '1', 95, 0, 0),
(95, '3', '1', 12, 'Pemasangan Iklan REOI', 'QPTR012', NULL, '1', 96, 0, 0),
(96, '3', '1', 13, 'Penerimaan dokumen EOI dari konsultan yang berminat', 'QPTR013', NULL, '1', 97, 0, 0),
(97, '3', '1', 14, 'Pembukaan dokumen EOI', 'QPTR014', NULL, '1', 98, 0, 0),
(98, '3', '1', 15, 'Evaluasi dokumen EOI', 'QPTR015', NULL, '1', 99, 0, 0),
(99, '3', '1', 16, 'Panitia membuat Laporan Hasil Evaluasi Dokumen EOI & disampaikan ke PMU ', 'QPTR016', NULL, '1', 100, 0, 0),
(100, '3', '1', 17, 'Pengiriman Laporan Hasil Evaluasi (disertai Draft RFP jika ada Revisi) ke ADB', 'QPTR017', NULL, '1', 101, 0, 0),
(101, '3', '1', 18, 'Persetujuan (NOL) ADB atas Hasil Evaluasi  EOI', 'QPTR018', NULL, '1', 102, 0, 0),
(102, '3', '1', 19, 'Perbaikan RFP (jika diminta ADB)', 'QPTR019', NULL, '1', 103, 0, 0),
(103, '3', '1', 20, 'PMU meminta Panitia untuk Memulai Proses Pengadaan selanjutnya', 'QPTR020', NULL, '1', 104, 0, 0),
(104, '3', '1', 21, 'Penerbitan RFP (FTP/STP) kepada konsultan shortlist', 'QPTR021', NULL, '1', 105, 0, 0),
(105, '3', '1', 22, 'Aanwijzing', 'QPTR022', NULL, '1', 106, 0, 0),
(106, '3', '1', 23, 'Klarifikasi pertanyaan dari konsultan (Bila ada)', 'QPTR023', NULL, '1', 107, 0, 0),
(107, '3', '1', 24, 'Penerimaan Sampul proposal Teknis dan Biaya', 'QPTR024', NULL, '1', 108, 0, 0),
(108, '3', '1', 25, 'Pembukaan Secara Umum  Sampul proposal Teknis', 'QPTR025', NULL, '1', 109, 0, 0),
(109, '3', '1', 26, 'Evaluasi proposal teknis', 'QPTR026', NULL, '1', 110, 0, 0),
(110, '3', '1', 27, 'Panitia membuat Laporan Hasil Evaluasi proposal teknis kepada PMU ', 'QPTR027', NULL, '1', 111, 0, 0),
(111, '3', '1', 28, 'PMU mengirimkan Laporan Hasil Evaluasi proposal teknis ke ADB', 'QPTR028', NULL, '1', 112, 0, 0),
(112, '3', '1', 29, 'Persetujuan (NOL) ADB atas Hasil Evaluasi Teknis', 'QPTR029', NULL, '1', 113, 0, 0),
(113, '3', '1', 30, 'PMU Meminta Panitia untuk Memulai Proses Selanjutnya', 'QPTR030', NULL, '1', 114, 0, 0),
(114, '3', '1', 31, 'Pembukaan Secara Umum  Sampul proposal Biaya', 'QPTR031', NULL, '1', 115, 0, 0),
(115, '3', '1', 32, 'Evaluasi proposal Biaya dan Menghitung Jumlah Skor TP dan FP', 'QPTR032', NULL, '1', 116, 0, 0),
(116, '3', '1', 33, 'Panitia Menyampaikan Laporan Hasil Evaluasi Proposal dan menyampaikan peringkat konsultan kepada PMU', 'QPTR033', NULL, '1', 117, 0, 0),
(117, '3', '1', 34, 'Pengiriman Laporan Hasil Evaluasi Proposal dan menyampaikan peringkat konsultan kepada ADB', 'QPTR034', NULL, '1', 118, 0, 0),
(118, '3', '1', 35, 'Persetujuan (NOL) ADB atas Peringkat Konsultan', 'QPTR035', NULL, '1', 119, 0, 0),
(119, '3', '1', 36, 'Pemberitahuan kepada Panitia untuk Memulai Proses Selanjutnya', 'QPTR036', NULL, '1', 120, 0, 0),
(120, '3', '1', 37, 'Pengumuman pemenang', 'QPTR037', NULL, '1', 121, 0, 0),
(121, '3', '1', 38, 'Membuat Surat Tanggapan terhadap Sanggahan (jika ada)', 'QPTR038', NULL, '1', 122, 0, 0),
(122, '3', '1', 39, 'Klarifikasi dan negosiasi draft kontrak dengan konsultan pemenang', 'QPTR039', NULL, '1', 123, 0, 0),
(123, '3', '1', 40, 'Panitia membuat Laporan Hasil Negosiasi & Draft Kontrak berdasarkan hasil negosiasi', 'QPTR040', NULL, '1', 124, 0, 0),
(124, '3', '1', 41, 'PMU mengirimkan draft Kontrak ke ADB', 'QPTR041', NULL, '1', 125, 0, 0),
(125, '3', '1', 42, 'Persetujuan (NOL) ADB terhadap Draft Kontrak', 'QPTR042', NULL, '1', 126, 0, 0),
(126, '3', '1', 43, 'Tanda Tangan Kontrak', 'QPTR043', NULL, '1', 127, 0, 0),
(127, '3', '1', 44, 'Pengiriman Kontrak Tertanda Tangan ke ADB', 'QPTR044', NULL, '1', 128, 0, 0),
(128, '3', '1', 45, 'Persetujuan (NOL) ADB  dengan penerbitan Nomor PCSS', 'QPTR045', NULL, '1', 163, 0, 0),
(129, '3', '2', 1, 'PMU conducts pre-market sounding', 'CPTR001', NULL, '1', 130, 0, 0),
(130, '3', '2', 2, 'PMU informs TAS/PAS to prepare draft TOR Tender Transaction', 'CPTR002', NULL, '1', 131, 0, 0),
(131, '3', '2', 3, 'TAS /PAS Submits Draft TOR Tender Transaction to PMU for Approval', 'CPTR003', NULL, '1', 132, 0, 0),
(132, '3', '2', 4, 'PMU requests approval of draft TOR Tender Transactionfrom LG  ', 'CPTR004', NULL, '1', 133, 0, 0),
(133, '3', '2', 5, 'PMU receives approval of draft TOR Tender Transaction from LG', 'CPTR005', NULL, '1', 134, 0, 0),
(134, '3', '2', 6, 'PMU Memberitahukan kepada konsultan PAS untuk mempersiapkan dokumen Tender Transaction yaitu draft iklan, draft REOI, draft RFP (STP) dan draft kriteria evaluasi', 'CPTR006', NULL, '1', 135, 0, 0),
(135, '3', '2', 7, 'Persiapan draft iklan, REOI, RFP (STP) dan Kriteria Evaluasi (Copy TOR dari PMU)', 'CPTR007', NULL, '1', 136, 0, 0),
(136, '3', '2', 8, 'PMU mengirimkan draft iklan, REOI, RFP (STP) dan Kriteria Evaluasi (Copy TOR dari PMU) ke ADB', 'CPTR008', NULL, '1', 137, 0, 0),
(137, '3', '2', 9, 'Persetujuan (NOL) ADB terhadap Dokumen Tender Transaction', 'CPTR009', NULL, '1', 138, 0, 0),
(138, '3', '2', 10, 'Perbaikan Draft dokumen tersebut diatas (bila diminta ADB)', 'CPTR010', NULL, '1', 139, 0, 0),
(139, '3', '2', 11, 'PMU meminta Panitia untuk Memulai Proses REOI', 'CPTR011', NULL, '1', 140, 0, 0),
(140, '3', '2', 12, 'Pemasangan Iklan REOI', 'CPTR012', NULL, '1', 141, 0, 0),
(141, '3', '2', 13, 'Penerimaan dokumen EOI dari konsultan yang berminat', 'CPTR013', NULL, '1', 142, 0, 0),
(142, '3', '2', 14, 'Pembukaan dokumen EOI', 'CPTR014', NULL, '1', 143, 0, 0),
(143, '3', '2', 15, 'Evaluasi dokumen EOI', 'CPTR015', NULL, '1', 144, 0, 0),
(144, '3', '2', 16, 'Panitia membuat Laporan Hasil Evaluasi Dokumen EOI & disampaikan ke PMU ', 'CPTR016', NULL, '1', 145, 0, 0),
(145, '3', '2', 17, 'Pengiriman Laporan Hasil Evaluasi (disertai Draft RFP jika ada Revisi) ke ADB', 'CPTR017', NULL, '1', 146, 0, 0),
(146, '3', '2', 18, 'Persetujuan (NOL) ADB atas Hasil Evaluasi  EOI', 'CPTR018', NULL, '1', 147, 0, 0),
(147, '3', '2', 19, 'Perbaikan RFP (jika diminta ADB)', 'CPTR019', NULL, '1', 148, 0, 0),
(148, '3', '2', 20, 'PMU meminta Panitia untuk Memulai Proses Pengadaan selanjutnya', 'CPTR020', NULL, '1', 149, 0, 0),
(149, '3', '2', 21, 'Penerbitan RFP (STP) kepada konsultan  PeringkatSatu', 'CPTR021', NULL, '1', 150, 0, 0),
(150, '3', '2', 22, 'Klarifikasi pertanyaan dari konsultan Peringkat Satu (bila ada)', 'CPTR022', NULL, '1', 151, 0, 0),
(151, '3', '2', 23, 'Penerimaan Sampul proposal Teknis dan Biaya', 'CPTR023', NULL, '1', 152, 0, 0),
(152, '3', '2', 24, 'Evaluasi proposal teknis dan Biaya', 'CPTR024', NULL, '1', 153, 0, 0),
(153, '3', '2', 25, 'Pemberitahuan kepada Konsultan Peringkat Satu untuk memulai Klarifikasi dan negosiasi draft kontrak', 'CPTR025', NULL, '1', 154, 0, 0),
(154, '3', '2', 26, 'Klarifikasi dan negosiasi draft kontrak dengan konsultan Peringkat Satu', 'CPTR026', NULL, '1', 155, 0, 0),
(155, '3', '2', 27, 'Panitia membuat Laporan Hasil Negosiasi & Draft Kontrak berdasarkan hasil negosiasi', 'CPTR027', NULL, '1', 156, 0, 0),
(156, '3', '2', 28, 'PMU mengirimkan draft Kontrak ke ADB', 'CPTR028', NULL, '1', 157, 0, 0),
(157, '3', '2', 29, 'Persetujuan (NOL) ADB terhadap Draft Kontrak', 'CPTR029', NULL, '1', 158, 0, 0),
(158, '3', '2', 30, 'Pengumuman Pemenang', 'CPTR030', NULL, '1', 159, 0, 0),
(159, '3', '2', 31, 'Membuat Surat Tanggapan terhadap Sanggahan (jika ada)', 'CPTR031', NULL, '1', 160, 0, 0),
(160, '3', '2', 32, 'Tanda Tangan Kontrak', 'CPTR032', NULL, '1', 161, 0, 0),
(161, '3', '2', 33, 'Pengiriman Kontrak Tertanda Tangan ke ADB', 'CPTR033', NULL, '1', 162, 0, 0),
(162, '3', '2', 34, 'Persetujuan (NOL) ADB  dengan penerbitan Nomor PCSS', 'CPTR034', NULL, '1', 163, 0, 0),
(163, '3', '3', 1, 'Prepare FBC Report', 'FBC001', NULL, '1', 164, 0, 0),
(164, '3', '4', 1, 'Rencana Pengadaan Badan Usaha', 'RBU001', NULL, '1', 165, 0, 0),
(165, '3', '5', 1, 'Advertisement of request for EOI/PQ in mass media', 'TIN001', NULL, '1', 166, 0, 0),
(166, '3', '5', 2, 'Close of submission of request for EOI/PQ documents', 'TIN002', NULL, '1', 167, 0, 0),
(167, '3', '5', 3, 'Evaluation of EOI/PQ documents & shortlist', 'TIN003', NULL, '1', 168, 0, 0),
(168, '3', '5', 4, 'Issuance of LOI & RFP', 'TIN004', NULL, '1', 169, 0, 0),
(169, '3', '5', 5, 'Aanwijzing', 'TIN005', NULL, '1', 170, 0, 0),
(170, '3', '5', 6, 'Close of investment proposal submission', 'TIN006', NULL, '1', 171, 0, 0),
(171, '3', '5', 7, 'Evaluation of investment proposals for all aspects ', 'TIN007', NULL, '1', 172, 0, 0),
(172, '3', '6', 1, 'Commencement of concession contract negotiation', 'TIN008 ', NULL, '1', 173, 0, 0),
(173, '3', '6', 2, 'Signing of concession contract', 'TIN009', NULL, '1', 174, 0, 0),
(174, '3', '6', 3, 'Financial Close', 'TIN010', NULL, '1', 175, 0, 0),
(175, '3', '6', 4, 'Draft Transaction Advisory Services Final Report submitted to & accepted by PMU & ADB, respectively', 'TIN011', NULL, '1', 176, 0, 0),
(176, '4', '1', 1, 'Perencanaan Manajemen Pelaksanaan PK', 'MP001', NULL, '1', 177, 0, 0),
(177, '4', '1', 2, 'Manajemen Pelaksanaan PK', 'MP002', NULL, '1', 178, 0, 0),
(181, '1', '1', 5, 'test perencanaan kerjasama REN005 dan ini datanya diedit lagiXXX', 'REN005', '0', '4', 12, 6, 17),
(185, '1', '1', 9, 'test laporan flag', 'REN009', '0', '3', 0, 6, 0),
(186, '1', '1', 10, 'test laporan flag ke 22', 'REN010', 'REN010', '4', 163, 3, 0),
(187, '1', '1', 11, 'karedok leunca', 'REN011', 'REN011', '3', 8, 6, 20),
(188, '1', '1', 12, 'asdasdasdasdas', 'REN012', 'REN012', '4', 1, 10, 21),
(189, '1', '1', 13, 'muke gile!!!!!!!asdasdasd', 'REN013', 'REN013', '4', 6, 7, 22);

--
-- Dumping data for table `ref_status_kontrak`
--

INSERT INTO `ref_status_kontrak` (`idstatuskontrak`, `idkontrak_flow`, `tgl_mulai`, `tgl_akhir`, `status_akhir`, `tgl_diisi`, `tgl_revisi`, `idoperator`) VALUES
(1, 1, '2011-01-04', '2011-01-07', 'done', '2011-01-04', '0000-00-00', 1),
(2, 1, '2011-01-04', '2011-01-07', 'done', '2011-01-04', '0000-00-00', 3),
(3, 1, '2011-01-04', '2011-01-07', 'done', '2011-01-04', '0000-00-00', 4),
(4, 2, '2011-01-04', '2011-01-14', 'on going', '2011-01-04', '0000-00-00', 1),
(5, 2, '2011-01-04', '2011-01-14', 'on going', '2011-01-04', '0000-00-00', 3),
(6, 2, '2011-01-04', '2011-01-14', 'on going', '2011-01-04', '0000-00-00', 4),
(7, 3, '2011-01-04', '2011-01-04', 'done', '2011-01-04', '0000-00-00', 1),
(8, 3, '2011-01-04', '2011-01-04', 'on going', '2011-01-04', '0000-00-00', 3),
(9, 3, '2011-01-04', '2011-01-04', 'on going', '2011-01-04', '0000-00-00', 4),
(10, 4, '2011-01-05', '2011-01-06', 'done', '2011-01-05', '0000-00-00', 1),
(11, 4, '2011-01-05', '2011-01-06', 'done', '2011-01-05', '0000-00-00', 3),
(12, 4, '2011-01-05', '2011-01-06', 'on going', '2011-01-05', '0000-00-00', 4);

--
-- Dumping data for table `ref_status_project_profile`
--

INSERT INTO `ref_status_project_profile` (`idstatusproject`, `idref_status`, `idproject_profile`, `tgl_mulai`, `tgl_akhir`, `status_akhir`, `tgl_diisi`, `tgl_revisi`, `idoperator`) VALUES
(1, 1, 0, '2011-01-04', '2011-01-04', 'done', '2011-01-04', NULL, 1),
(2, 1, 0, '2011-01-04', '2011-01-04', 'done', '2011-01-04', NULL, 3),
(3, 2, 0, '2011-01-04', '2011-01-04', 'done', '2011-01-04', NULL, 1),
(4, 2, 0, '2011-01-04', '2011-01-04', 'done', '2011-01-04', NULL, 3),
(5, 3, 0, '2011-01-04', '2011-01-07', 'on going', '2011-01-04', NULL, 1),
(6, 3, 0, '2011-01-04', '2011-01-07', 'on going', '2011-01-04', NULL, 3),
(7, 4, 0, '2011-01-04', '2011-01-04', 'done', '2011-01-04', NULL, 1),
(8, 4, 0, '2011-01-04', '2011-01-04', 'done', '2011-01-04', NULL, 3),
(9, 5, 0, '2011-01-04', '0000-00-00', 'done', '2011-01-04', NULL, 1),
(10, 5, 0, '2011-01-04', '0000-00-00', 'done', '2011-01-04', NULL, 3),
(11, 6, 0, '2011-01-04', '2011-01-04', 'done', '2011-01-04', NULL, 1),
(12, 6, 0, '2011-01-04', '2011-01-04', 'done', '2011-01-04', NULL, 3),
(13, 7, 0, '2011-01-05', '2011-01-05', 'done', '2011-01-05', NULL, 1),
(14, 7, 0, '2011-01-05', '2011-01-05', 'done', '2011-01-05', NULL, 3),
(15, 8, 0, '2011-01-05', '2011-01-06', 'done', '2011-01-05', NULL, 1),
(16, 8, 0, '2011-01-05', '2011-01-06', 'done', '2011-01-05', NULL, 3),
(17, 9, 0, '2011-01-05', '2011-01-06', 'on going', '2011-01-05', NULL, 1),
(18, 9, 0, '2011-01-05', '2011-01-06', 'done', '2011-01-05', NULL, 3),
(19, 10, 0, '2011-01-11', '2011-01-11', 'on going', '2011-01-11', NULL, 1),
(20, 10, 0, '2011-01-11', '2011-01-11', 'on going', '2011-01-11', NULL, 3),
(21, 11, 0, '2011-01-11', '2011-01-11', 'on going', '2011-01-11', NULL, 1),
(22, 11, 0, '2011-01-11', '2011-01-11', 'on going', '2011-01-11', NULL, 3),
(23, 12, 0, '2011-02-03', '2011-02-03', 'on going', '2011-02-03', NULL, 1),
(24, 12, 0, '2011-02-03', '2011-02-03', 'on going', '2011-02-03', NULL, 3);

--
-- Dumping data for table `ref_status_proyek`
--

INSERT INTO `ref_status_proyek` (`id_status`, `nama_status`) VALUES
(11, 'Perencanaan Proyek Kerjasama'),
(21, 'Tender Konsultan PraFS (QCBS)'),
(22, 'Tender Konsultan PraFS (CQS)'),
(23, 'Project Preparation Stage 1'),
(24, 'Project Preparation Stage 2'),
(31, 'Tender Konsultan Transaksi (QCBS)'),
(32, 'Tender Konsultan Transaksi (CQS)'),
(34, 'Rencana Pengadaan Badan Usaha'),
(35, 'Pelaksanaan Pengadaan Badan Usaha'),
(36, 'Penandatanganan Kontrak Kerjasama'),
(41, 'Manajemen Pelaksanaan Proyek Kerjasama'),
(33, 'Prepare FBC');

--
-- Dumping data for table `ref_status_tahapan`
--

INSERT INTO `ref_status_tahapan` (`id_tahapan`, `nama_tahapan`) VALUES
(1, 'Perencanaan Proyek Kerjasama'),
(2, 'Penyiapan FS Proyek Kerjasama'),
(3, 'Transaksi Proyek Kerjasama'),
(4, 'Manajemen Pelaksanaan Proyek');

--
-- Dumping data for table `template`
--

INSERT INTO `template` (`idtemplate`, `tag`, `idcategory`) VALUES
(1, '110', 1),
(2, '120', 1),
(5, '0001', 13),
(6, '0002', 13),
(7, '0003', 13),
(8, '0099', 13),
(9, '0101', 14),
(11, '0102', 14),
(12, '0103', 14),
(17, '0108', 14),
(14, '0105', 14),
(15, '0104', 14),
(16, '0106', 14),
(18, '0107', 14),
(19, '0109', 14),
(20, '0110', 14),
(21, '0111', 14),
(22, '0112', 14),
(23, '0113', 14),
(24, '0114', 14),
(25, '0115', 13),
(26, '0116', 14),
(27, '0199', 14),
(36, '0303', 5),
(29, '0202', 5),
(35, '0302', 5),
(34, '0301', 5),
(32, '0201', 5),
(37, '0304', 5),
(38, '0305', 5),
(39, '0306', 5),
(40, '0307', 5),
(41, '0108', 5),
(42, '0308', 5),
(43, '0309', 5),
(44, '0201', 10),
(45, '0202', 10),
(46, '0203', 10),
(47, '0204', 10),
(48, '0205', 10),
(49, '0401', 10),
(50, '0402', 10),
(51, '0403', 10),
(52, '0404', 10),
(53, '0405', 10),
(54, '0406', 10),
(55, '0407', 10),
(56, '0408', 10),
(57, '0201', 15),
(58, '0202', 15),
(59, '0203', 15),
(60, '0204', 15),
(61, '0205', 15),
(62, '0501', 15),
(63, '0502', 15),
(64, '0503', 15),
(65, '0505', 15),
(66, '0505', 15),
(67, '0506', 15),
(68, '0507', 15),
(69, '0201', 3),
(70, '0202', 3),
(71, '0203', 3),
(72, '0204', 3),
(73, '0205', 3),
(74, '0601', 3),
(75, '0602', 3),
(76, '0603', 3),
(77, '0604', 3);

--
-- Dumping data for table `tender_data`
--

INSERT INTO `tender_data` (`idtender_data`, `idproj`, `deskripsi`, `tgl_mulai`, `tgl_selesai`, `tipe_tender`, `penanggung_jawab`, `idproj_flow`, `idpemenang`) VALUES
(1, 19, 'Pembangunan Jalan Rayawewewewewe', '2010-09-09', '2011-09-09', 'terbuka', 4, 0, NULL),
(3, 2, 'Pembanungunan Gedung SLB', '2011-01-01', '2011-01-31', 'terbuka', 1, 1, NULL),
(4, 3, 'Pembanungunan Gedung SLB', '2011-01-19', '2011-04-14', 'terbuka', 2, 1, NULL),
(5, 2, 'Pembanungunan Gedung SLB', '2011-01-25', '2011-01-26', 'terbuka', 3, 1, NULL),
(6, 1, 'Pembanungunan Gedung Prostitusi', '2011-01-07', '2011-01-26', 'terbuka', 1, 1, NULL),
(7, 1, 'Pembanungunan Gedung SLB', '2011-01-25', '2011-01-24', 'praFS', 10, 3, NULL);

--
-- Dumping data for table `termin_bayar`
--

INSERT INTO `termin_bayar` (`idtermin_bayar`, `kontrakflow_id`, `nilai_rupiah`, `nilai_dollar`, `nilai_total_dollar`, `sumber`) VALUES
(1, 1, '2000000', '800', '1000', 'Loan'),
(2, 1, '1000000', '500', '750', 'Loan');

/*!40101 SET CHARACTER_SET_CLIENT=@OLD_CHARACTER_SET_CLIENT */;
/*!40101 SET CHARACTER_SET_RESULTS=@OLD_CHARACTER_SET_RESULTS */;
/*!40101 SET COLLATION_CONNECTION=@OLD_COLLATION_CONNECTION */;
